,Rk,Player,Pos,Age,Tm,G,GS,MP,FG,FGA,FG%,3P,3PA,3P%,2P,2PA,2P%,eFG%,FT,FTA,FT%,ORB,DRB,TRB,AST,STL,BLK,TOV,PF,PTS
0,1,Alex Abrines,SG,23,OKC,68,6,1055,134,341,0.39299999999999996,94,247,0.381,40,94,0.426,0.531,44,49,0.898,18,68,86,40,37,8,33,114,406
1,2,Quincy Acy,PF,26,TOT,38,1,558,70,170,0.41200000000000003,37,90,0.41100000000000003,33,80,0.413,0.521,45,60,0.75,20,95,115,18,14,15,21,67,222
2,2,Quincy Acy,PF,26,DAL,6,0,48,5,17,0.294,1,7,0.14300000000000002,4,10,0.4,0.324,2,3,0.667,2,6,8,0,0,0,2,9,13
3,2,Quincy Acy,PF,26,BRK,32,1,510,65,153,0.425,36,83,0.434,29,70,0.414,0.542,43,57,0.754,18,89,107,18,14,15,19,58,209
4,3,Steven Adams,C,23,OKC,80,80,2389,374,656,0.57,0,2,0.0,374,654,0.5720000000000001,0.57,157,257,0.611,282,332,614,86,87,78,146,195,905
5,4,Arron Afflalo,SG,31,SAC,61,45,1580,185,420,0.44,62,151,0.41100000000000003,123,269,0.457,0.514,83,93,0.892,9,116,125,78,21,7,42,104,515
6,5,Alexis Ajinca,C,28,NOP,39,15,584,89,178,0.5,0,4,0.0,89,174,0.511,0.5,29,40,0.725,46,131,177,12,20,22,31,77,207
7,6,Cole Aldrich,C,28,MIN,62,0,531,45,86,0.523,0,0,,45,86,0.523,0.523,15,22,0.682,51,107,158,25,25,23,17,85,105
8,7,LaMarcus Aldridge,PF,31,SAS,72,72,2335,500,1049,0.47700000000000004,23,56,0.41100000000000003,477,993,0.48,0.488,220,271,0.812,174,350,524,139,46,89,98,158,1243
9,8,Lavoy Allen,PF,27,IND,61,5,871,77,168,0.45799999999999996,0,1,0.0,77,167,0.461,0.45799999999999996,23,33,0.6970000000000001,105,115,220,57,18,24,29,78,177
10,9,Tony Allen,SG,35,MEM,71,66,1914,274,595,0.461,15,54,0.278,259,541,0.479,0.473,80,130,0.615,166,225,391,98,115,29,100,178,643
11,10,Al-Farouq Aminu,SF,26,POR,61,25,1773,183,466,0.39299999999999996,70,212,0.33,113,254,0.445,0.46799999999999997,96,136,0.706,77,374,451,99,60,44,94,102,532
12,11,Chris Andersen,C,38,CLE,12,0,114,9,22,0.409,0,3,0.0,9,19,0.474,0.409,10,14,0.7140000000000001,9,22,31,5,5,7,5,20,28
13,12,Alan Anderson,SF,34,LAC,30,0,308,30,80,0.375,14,44,0.318,16,36,0.444,0.46299999999999997,12,16,0.75,3,21,24,11,3,0,7,35,86
14,13,Justin Anderson,SF,23,TOT,75,10,1228,186,438,0.425,58,194,0.299,128,244,0.525,0.491,102,129,0.7909999999999999,69,176,245,66,41,23,66,109,532
15,13,Justin Anderson,SF,23,DAL,51,2,710,111,277,0.401,37,122,0.303,74,155,0.47700000000000004,0.46799999999999997,70,88,0.795,39,110,149,32,28,16,40,64,329
16,13,Justin Anderson,SF,23,PHI,24,8,518,75,161,0.466,21,72,0.292,54,89,0.607,0.531,32,41,0.78,30,66,96,34,13,7,26,45,203
17,14,Kyle Anderson,SG,23,SAS,72,14,1020,93,209,0.445,15,40,0.375,78,169,0.462,0.48100000000000004,45,57,0.789,33,175,208,91,51,26,39,63,246
18,15,Ryan Anderson,PF,28,HOU,72,72,2116,324,774,0.419,205,507,0.40399999999999997,119,267,0.446,0.551,129,150,0.86,112,218,330,68,32,14,55,142,982
19,16,Giannis Antetokounmpo,SF,22,MIL,80,80,2845,656,1257,0.522,49,180,0.272,607,1077,0.564,0.541,471,612,0.77,141,557,698,433,131,151,234,246,1832
20,17,Carmelo Anthony,SF,32,NYK,74,74,2538,602,1389,0.433,151,420,0.36,451,969,0.465,0.488,304,365,0.833,62,374,436,212,61,33,153,198,1659
21,18,Joel Anthony,C,34,SAS,19,0,122,10,16,0.625,0,0,,10,16,0.625,0.625,5,8,0.625,8,23,31,3,2,6,4,11,25
22,19,Trevor Ariza,SF,31,HOU,80,80,2773,325,797,0.408,190,554,0.34299999999999997,135,243,0.556,0.527,93,126,0.738,54,405,459,175,147,20,74,133,933
23,20,Darrell Arthur,PF,28,DEN,41,7,639,95,215,0.442,53,117,0.45299999999999996,42,98,0.429,0.565,19,22,0.8640000000000001,25,87,112,42,19,21,36,76,262
24,21,Omer Asik,C,30,NOP,31,19,482,31,65,0.47700000000000004,0,0,,31,65,0.47700000000000004,0.47700000000000004,23,39,0.59,48,115,163,15,5,10,14,51,85
25,22,D.J. Augustin,PG,29,ORL,78,20,1538,195,517,0.377,95,274,0.34700000000000003,100,243,0.41200000000000003,0.469,131,161,0.8140000000000001,15,102,117,210,31,1,90,101,616
26,23,Luke Babbitt,SF,27,MIA,68,55,1065,113,281,0.402,87,210,0.414,26,71,0.366,0.557,11,15,0.733,13,129,142,36,21,11,25,118,324
27,24,Ron Baker,SG,23,NYK,52,13,857,82,217,0.37799999999999995,23,86,0.267,59,131,0.45,0.431,28,43,0.6509999999999999,12,86,98,107,34,8,56,74,215
28,25,Wade Baldwin,PG,20,MEM,33,1,405,36,114,0.316,3,22,0.136,33,92,0.359,0.32899999999999996,31,37,0.838,11,35,46,61,19,7,40,40,106
29,26,Leandro Barbosa,SG,34,PHO,67,0,963,172,392,0.439,35,98,0.35700000000000004,137,294,0.466,0.483,40,45,0.889,15,89,104,81,31,8,48,82,419
30,27,J.J. Barea,PG,32,DAL,35,6,771,142,343,0.414,53,148,0.358,89,195,0.456,0.491,44,51,0.863,9,75,84,193,14,1,63,30,381
31,28,Harrison Barnes,PF,24,DAL,79,79,2803,599,1280,0.46799999999999997,78,222,0.35100000000000003,521,1058,0.49200000000000005,0.498,242,281,0.861,94,303,397,117,66,15,102,128,1518
32,29,Matt Barnes,SF,36,TOT,74,18,1777,185,473,0.391,87,263,0.331,98,210,0.467,0.483,70,89,0.787,70,317,387,194,48,26,107,185,527
33,29,Matt Barnes,SF,36,SAC,54,13,1367,147,383,0.384,69,211,0.327,78,172,0.45299999999999996,0.474,50,66,0.758,55,241,296,149,36,17,83,138,413
34,29,Matt Barnes,SF,36,GSW,20,5,410,38,90,0.42200000000000004,18,52,0.34600000000000003,20,38,0.526,0.522,20,23,0.87,15,76,91,45,12,9,24,47,114
35,30,Will Barton,SG,26,DEN,60,19,1705,295,667,0.442,87,235,0.37,208,432,0.48100000000000004,0.507,143,190,0.753,58,201,259,206,48,28,97,110,820
36,31,Brandon Bass,PF,31,LAC,52,0,577,107,186,0.575,1,3,0.33299999999999996,106,183,0.579,0.578,77,88,0.875,43,86,129,21,14,11,29,45,292
37,32,Nicolas Batum,SG,28,CHO,77,77,2617,393,974,0.40299999999999997,135,405,0.33299999999999996,258,569,0.45299999999999996,0.473,243,284,0.856,46,435,481,455,86,29,193,109,1164
38,33,Jerryd Bayless,PG,28,PHI,3,1,71,11,32,0.344,2,5,0.4,9,27,0.33299999999999996,0.375,9,10,0.9,3,9,12,13,0,0,9,4,33
39,34,Aron Baynes,C,30,DET,75,2,1163,143,279,0.513,0,0,,143,279,0.513,0.513,79,94,0.84,111,222,333,32,17,39,50,166,365
40,35,Kent Bazemore,SF,27,ATL,73,64,1963,295,722,0.409,92,266,0.34600000000000003,203,456,0.445,0.47200000000000003,119,168,0.708,45,185,230,177,92,52,125,165,801
41,36,Bradley Beal,SG,23,WAS,77,77,2684,637,1322,0.48200000000000004,223,552,0.40399999999999997,414,770,0.5379999999999999,0.5660000000000001,282,342,0.825,53,186,239,267,83,21,157,169,1779
42,37,Malik Beasley,SG,20,DEN,22,1,165,33,73,0.452,9,28,0.321,24,45,0.5329999999999999,0.514,8,10,0.8,5,12,17,11,7,0,8,10,83
43,38,Michael Beasley,PF,28,MIL,56,6,935,216,405,0.5329999999999999,18,43,0.419,198,362,0.547,0.556,78,105,0.743,40,153,193,53,28,27,66,92,528
44,39,Marco Belinelli,SG,30,CHO,74,0,1778,264,615,0.429,102,282,0.36200000000000004,162,333,0.486,0.512,150,168,0.893,14,164,178,147,44,9,70,90,780
45,40,DeAndre' Bembry,SF,22,ATL,38,1,371,47,98,0.48,1,18,0.055999999999999994,46,80,0.575,0.485,6,16,0.375,14,45,59,29,8,5,16,21,101
46,41,Dragan Bender,PF,19,PHO,43,0,574,57,161,0.354,28,101,0.27699999999999997,29,60,0.483,0.441,4,11,0.364,23,80,103,23,10,22,32,74,146
47,42,Anthony Bennett,PF,23,BRK,23,1,264,38,92,0.413,13,48,0.271,25,44,0.568,0.484,26,36,0.722,25,53,78,12,5,3,12,18,115
48,43,Ben Bentil,PF,21,DAL,3,0,10,0,3,0.0,0,1,0.0,0,2,0.0,0.0,0,0,,0,2,2,0,0,0,1,1,0
49,44,Davis Bertans,PF,24,SAS,67,6,808,103,234,0.44,69,173,0.39899999999999997,34,61,0.557,0.588,28,34,0.8240000000000001,22,77,99,46,20,28,32,75,303
50,45,Patrick Beverley,SG,28,HOU,67,67,2058,228,544,0.419,110,288,0.382,118,256,0.461,0.52,73,95,0.768,95,299,394,281,99,25,100,222,639
51,46,Bismack Biyombo,C,24,ORL,81,27,1793,179,340,0.526,0,0,,179,340,0.526,0.526,125,234,0.534,157,410,567,74,25,91,95,202,483
52,47,Nemanja Bjelica,PF,28,MIN,65,1,1190,151,356,0.424,56,177,0.316,95,179,0.531,0.503,45,61,0.738,57,187,244,79,40,20,59,154,403
53,48,Tarik Black,C,25,LAL,67,16,1091,150,293,0.512,1,2,0.5,149,291,0.512,0.514,82,109,0.752,143,199,342,39,30,44,58,173,383
54,49,Eric Bledsoe,PG,27,PHO,66,66,2176,449,1034,0.434,104,310,0.335,345,724,0.47700000000000004,0.485,388,458,0.847,52,268,320,418,92,31,223,164,1390
55,50,Bojan Bogdanovic,SF,27,TOT,81,54,2083,376,845,0.445,144,392,0.36700000000000005,232,453,0.512,0.53,217,243,0.893,37,240,277,111,34,7,130,146,1113
56,50,Bojan Bogdanovic,SF,27,BRK,55,54,1482,269,611,0.44,99,277,0.35700000000000004,170,334,0.509,0.521,146,167,0.8740000000000001,23,174,197,90,24,3,92,99,783
57,50,Bojan Bogdanovic,SF,27,WAS,26,0,601,107,234,0.457,45,115,0.391,62,119,0.521,0.5529999999999999,71,76,0.934,14,66,80,21,10,4,38,47,330
58,51,Andrew Bogut,C,32,TOT,27,21,583,38,81,0.469,0,1,0.0,38,80,0.475,0.469,3,11,0.273,56,162,218,49,13,25,43,86,79
59,51,Andrew Bogut,C,32,DAL,26,21,582,38,81,0.469,0,1,0.0,38,80,0.475,0.469,3,11,0.273,56,162,218,49,13,25,43,84,79
60,51,Andrew Bogut,C,32,CLE,1,0,1,0,0,,0,0,,0,0,,,0,0,,0,0,0,0,0,0,0,2,0
61,52,Joel Bolomboy,PF,23,UTA,12,0,53,9,16,0.563,1,4,0.25,8,12,0.667,0.594,3,6,0.5,4,13,17,2,1,2,2,1,22
62,53,Devin Booker,SG,20,PHO,78,78,2730,606,1431,0.423,147,405,0.363,459,1026,0.447,0.475,367,441,0.8320000000000001,46,203,249,268,72,21,241,242,1726
63,54,Trevor Booker,PF,29,BRK,71,43,1754,305,592,0.515,25,78,0.321,280,514,0.545,0.536,74,110,0.6729999999999999,142,428,570,138,76,28,126,152,709
64,55,Avery Bradley,SG,26,BOS,55,55,1835,359,775,0.46299999999999997,108,277,0.39,251,498,0.504,0.5329999999999999,68,93,0.731,65,269,334,121,68,11,89,141,894
65,56,Corey Brewer,SF,30,TOT,82,11,1281,147,348,0.42200000000000004,27,118,0.22899999999999998,120,230,0.522,0.461,50,68,0.735,32,134,166,97,61,19,55,133,371
66,56,Corey Brewer,SF,30,HOU,58,8,923,94,227,0.414,22,94,0.23399999999999999,72,133,0.541,0.46299999999999997,32,44,0.727,21,93,114,61,37,11,36,104,242
67,56,Corey Brewer,SF,30,LAL,24,3,358,53,121,0.43799999999999994,5,24,0.20800000000000002,48,97,0.495,0.45899999999999996,18,24,0.75,11,41,52,36,24,8,19,29,129
68,57,Malcolm Brogdon,SG,24,MIL,75,28,1982,290,635,0.457,78,193,0.40399999999999997,212,442,0.48,0.518,109,126,0.865,47,166,213,318,84,12,113,140,767
69,58,Aaron Brooks,PG,32,IND,65,0,894,121,300,0.40299999999999997,48,128,0.375,73,172,0.424,0.483,32,40,0.8,18,51,69,125,25,9,66,93,322
70,59,Anthony Brown,SF,24,TOT,11,0,159,18,50,0.36,7,27,0.259,11,23,0.478,0.43,0,0,,8,25,33,8,5,1,6,15,43
71,59,Anthony Brown,SF,24,NOP,9,0,143,14,41,0.341,6,24,0.25,8,17,0.47100000000000003,0.415,0,0,,6,20,26,6,5,1,5,13,34
72,59,Anthony Brown,SF,24,ORL,2,0,16,4,9,0.444,1,3,0.33299999999999996,3,6,0.5,0.5,0,0,,2,5,7,2,0,0,1,2,9
73,60,Bobby Brown,PG,32,HOU,25,0,123,23,60,0.38299999999999995,14,35,0.4,9,25,0.36,0.5,2,2,1.0,0,6,6,14,1,0,5,5,62
74,61,Jaylen Brown,SF,20,BOS,78,20,1341,192,423,0.45399999999999996,46,135,0.341,146,288,0.507,0.508,85,124,0.685,45,175,220,64,35,18,68,142,515
75,62,Nicolas Brussino,SF,23,DAL,54,2,521,52,141,0.369,29,95,0.305,23,46,0.5,0.47200000000000003,17,22,0.773,26,68,94,47,17,8,26,43,150
76,63,Reggie Bullock,SF,25,DET,31,5,467,54,128,0.42200000000000004,28,73,0.384,26,55,0.473,0.531,5,7,0.7140000000000001,13,51,64,29,18,3,10,22,141
77,64,Trey Burke,PG,24,WAS,57,0,703,116,255,0.455,31,70,0.44299999999999995,85,185,0.45899999999999996,0.516,22,29,0.759,7,40,47,100,11,5,48,54,285
78,65,Alec Burks,SG,25,UTA,42,0,653,99,248,0.39899999999999997,25,76,0.32899999999999996,74,172,0.43,0.45,60,78,0.769,17,103,120,30,18,5,35,50,283
79,66,Jimmy Butler,SF,27,CHI,76,75,2809,570,1252,0.455,91,248,0.36700000000000005,479,1004,0.47700000000000004,0.49200000000000005,585,676,0.865,128,342,470,417,143,32,159,112,1816
80,67,Bruno Caboclo,SF,21,TOR,9,0,40,6,16,0.375,2,6,0.33299999999999996,4,10,0.4,0.43799999999999994,0,0,,5,5,10,4,2,1,2,4,14
81,68,Jose Calderon,PG,35,TOT,41,13,539,55,134,0.41,20,64,0.313,35,70,0.5,0.485,11,12,0.917,15,58,73,88,11,1,41,36,141
82,68,Jose Calderon,PG,35,LAL,24,11,292,32,77,0.41600000000000004,12,34,0.353,20,43,0.465,0.494,4,4,1.0,8,33,41,51,7,1,26,22,80
83,68,Jose Calderon,PG,35,ATL,17,2,247,23,57,0.40399999999999997,8,30,0.267,15,27,0.556,0.474,7,8,0.875,7,25,32,37,4,0,15,14,61
84,69,Kentavious Caldwell-Pope,SG,23,DET,76,75,2529,370,928,0.39899999999999997,153,437,0.35,217,491,0.442,0.48100000000000004,154,185,0.8320000000000001,55,193,248,194,90,12,86,118,1047
85,70,Isaiah Canaan,SG,25,CHI,39,0,592,63,173,0.364,25,94,0.266,38,79,0.48100000000000004,0.436,30,33,0.909,6,43,49,37,22,1,20,35,181
86,71,Clint Capela,C,22,HOU,65,59,1551,362,563,0.643,0,0,,362,563,0.643,0.643,94,177,0.531,178,348,526,64,34,80,87,179,818
87,72,DeMarre Carroll,SF,30,TOR,72,72,1882,220,549,0.401,109,320,0.341,111,229,0.485,0.5,89,117,0.7609999999999999,63,212,275,74,80,27,54,143,638
88,73,Vince Carter,SG,40,MEM,73,15,1799,193,490,0.39399999999999996,112,296,0.37799999999999995,81,194,0.418,0.508,88,115,0.765,36,191,227,133,60,36,50,163,586
89,74,Michael Carter-Williams,PG,25,CHI,45,19,846,112,306,0.366,15,64,0.23399999999999999,97,242,0.401,0.391,58,77,0.753,24,128,152,113,38,23,66,102,297
90,75,Omri Casspi,SF,28,TOT,36,2,643,77,165,0.467,15,43,0.349,62,122,0.508,0.512,17,29,0.586,27,85,112,37,23,3,29,50,186
91,75,Omri Casspi,SF,28,SAC,22,2,397,53,117,0.45299999999999996,11,29,0.379,42,88,0.47700000000000004,0.5,12,21,0.5710000000000001,20,70,90,26,10,1,17,23,129
92,75,Omri Casspi,SF,28,NOP,1,0,24,5,9,0.556,2,4,0.5,3,5,0.6,0.667,0,0,,1,1,2,0,0,0,2,3,12
93,75,Omri Casspi,SF,28,MIN,13,0,222,19,39,0.48700000000000004,2,10,0.2,17,29,0.586,0.513,5,8,0.625,6,14,20,11,13,2,10,24,45
94,76,Willie Cauley-Stein,C,23,SAC,75,21,1421,255,481,0.53,0,2,0.0,255,479,0.532,0.53,101,151,0.669,85,255,340,80,53,45,69,147,611
95,77,Tyson Chandler,C,34,PHO,47,46,1298,153,228,0.6709999999999999,0,0,,153,228,0.6709999999999999,0.6709999999999999,91,124,0.7340000000000001,154,385,539,30,33,24,67,126,397
96,78,Wilson Chandler,SF,29,DEN,71,33,2197,433,940,0.461,110,326,0.337,323,614,0.526,0.519,141,194,0.727,104,356,460,143,52,30,114,172,1117
97,79,Marquese Chriss,PF,19,PHO,82,75,1743,284,632,0.449,72,224,0.321,212,408,0.52,0.506,113,181,0.624,96,252,348,60,67,70,108,263,753
98,80,Rakeem Christmas,PF,25,IND,29,0,219,19,43,0.442,0,0,,19,43,0.442,0.442,21,29,0.7240000000000001,26,30,56,4,3,6,8,37,59
99,81,Semaj Christon,PG,24,OKC,64,1,973,77,223,0.345,12,63,0.19,65,160,0.406,0.37200000000000005,17,31,0.5479999999999999,19,69,88,130,28,6,43,79,183
100,82,Ian Clark,SG,25,GSW,77,0,1137,211,433,0.48700000000000004,61,163,0.374,150,270,0.556,0.5579999999999999,44,58,0.759,22,100,122,90,39,8,55,77,527
101,83,Jordan Clarkson,SG,24,LAL,82,19,2397,477,1071,0.445,117,356,0.32899999999999996,360,715,0.503,0.5,134,168,0.7979999999999999,49,197,246,213,88,8,164,150,1205
102,84,Norris Cole,PG,28,OKC,13,0,125,16,52,0.308,3,13,0.231,13,39,0.33299999999999996,0.337,8,10,0.8,0,11,11,14,8,0,7,18,43
103,85,Darren Collison,PG,29,SAC,68,64,2063,340,714,0.47600000000000003,73,175,0.41700000000000004,267,539,0.495,0.527,147,171,0.86,23,130,153,312,67,9,114,119,900
104,86,Nick Collison,PF,36,OKC,20,0,128,14,23,0.609,0,1,0.0,14,22,0.636,0.609,5,8,0.625,9,21,30,12,2,2,4,17,33
105,87,Mike Conley,PG,29,MEM,69,68,2292,464,1010,0.45899999999999996,171,420,0.40700000000000003,293,590,0.49700000000000005,0.544,316,368,0.8590000000000001,31,211,242,433,92,19,156,126,1415
106,88,Pat Connaughton,SG,24,POR,39,1,316,37,72,0.514,17,33,0.515,20,39,0.513,0.632,7,9,0.778,10,42,52,28,6,2,17,23,98
107,89,Quinn Cook,PG,23,TOT,14,0,188,33,66,0.5,11,26,0.423,22,40,0.55,0.583,2,5,0.4,1,6,7,26,4,0,13,13,79
108,89,Quinn Cook,PG,23,DAL,5,0,77,11,25,0.44,5,14,0.35700000000000004,6,11,0.545,0.54,0,2,0.0,0,3,3,12,1,0,8,6,27
109,89,Quinn Cook,PG,23,NOP,9,0,111,22,41,0.537,6,12,0.5,16,29,0.552,0.61,2,3,0.667,1,3,4,14,3,0,5,7,52
110,90,DeMarcus Cousins,C,26,TOT,72,72,2465,647,1433,0.452,131,364,0.36,516,1069,0.483,0.49700000000000005,517,670,0.772,153,644,797,332,100,92,269,278,1942
111,90,DeMarcus Cousins,C,26,SAC,55,55,1891,505,1119,0.451,95,268,0.354,410,851,0.48200000000000004,0.494,423,549,0.77,115,470,585,266,75,73,207,203,1528
112,90,DeMarcus Cousins,C,26,NOP,17,17,574,142,314,0.452,36,96,0.375,106,218,0.486,0.51,94,121,0.777,38,174,212,66,25,19,62,75,414
113,91,Robert Covington,SF,26,PHI,67,67,2119,292,732,0.39899999999999997,137,412,0.33299999999999996,155,320,0.484,0.49200000000000005,143,174,0.8220000000000001,92,344,436,102,127,69,131,203,864
114,92,Allen Crabbe,SG,24,POR,79,7,2254,303,647,0.46799999999999997,134,302,0.444,169,345,0.49,0.5720000000000001,105,124,0.847,19,206,225,93,54,20,62,171,845
115,93,Jamal Crawford,SG,36,LAC,82,1,2157,359,869,0.413,116,322,0.36,243,547,0.444,0.48,174,203,0.857,17,112,129,213,59,14,134,115,1008
116,94,Jordan Crawford,SG,28,NOP,19,0,442,105,218,0.48200000000000004,37,95,0.389,68,123,0.5529999999999999,0.5670000000000001,20,26,0.769,4,30,34,57,11,2,25,30,267
117,95,Jae Crowder,SF,26,BOS,72,72,2335,333,720,0.46299999999999997,157,394,0.39799999999999996,176,326,0.54,0.5720000000000001,176,217,0.8109999999999999,48,368,416,155,72,23,79,161,999
118,96,Dante Cunningham,SF,29,NOP,66,35,1649,174,359,0.485,71,181,0.392,103,178,0.579,0.584,16,27,0.593,56,221,277,36,39,28,28,100,435
119,97,Seth Curry,PG,26,DAL,70,42,2029,338,703,0.48100000000000004,137,322,0.425,201,381,0.528,0.578,85,100,0.85,25,152,177,188,79,7,92,126,898
120,98,Stephen Curry,PG,28,GSW,79,79,2638,675,1443,0.46799999999999997,324,789,0.41100000000000003,351,654,0.537,0.58,325,362,0.898,61,292,353,523,143,17,238,183,1999
121,99,Troy Daniels,SG,25,MEM,67,3,1183,185,495,0.374,138,355,0.389,47,140,0.336,0.513,43,54,0.7959999999999999,21,79,100,46,21,3,45,90,551
122,100,Anthony Davis,C,23,NOP,75,75,2708,770,1527,0.504,40,134,0.299,730,1393,0.524,0.517,519,647,0.802,174,712,886,157,94,167,181,168,2099
123,101,Deyonta Davis,C,20,MEM,36,0,238,24,47,0.511,0,0,,24,47,0.511,0.511,10,18,0.556,20,40,60,2,3,17,8,40,58
124,102,Ed Davis,PF,27,POR,46,12,789,75,142,0.528,0,0,,75,142,0.528,0.528,50,81,0.617,96,147,243,27,15,22,37,137,200
125,103,Dewayne Dedmon,C,27,SAS,76,37,1330,161,259,0.622,0,0,,161,259,0.622,0.622,65,93,0.6990000000000001,129,366,495,44,37,61,61,180,387
126,104,Sam Dekker,SF,22,HOU,77,2,1419,203,429,0.473,60,187,0.321,143,242,0.591,0.5429999999999999,38,68,0.5589999999999999,94,190,284,76,38,21,41,83,504
127,105,Malcolm Delaney,PG,27,ATL,73,2,1248,145,388,0.374,26,110,0.23600000000000002,119,278,0.428,0.40700000000000003,75,93,0.8059999999999999,11,114,125,193,39,1,94,112,391
128,106,Matthew Dellavedova,PG,26,MIL,76,54,1986,208,534,0.39,79,216,0.366,129,318,0.406,0.46299999999999997,82,96,0.8540000000000001,24,125,149,357,53,0,133,153,577
129,107,Luol Deng,SF,31,LAL,56,49,1486,164,424,0.387,51,164,0.311,113,260,0.435,0.447,46,63,0.73,63,231,294,74,48,20,43,61,425
130,108,DeMar DeRozan,SG,27,TOR,74,74,2620,721,1545,0.467,33,124,0.266,688,1421,0.484,0.47700000000000004,545,647,0.8420000000000001,70,316,386,290,78,13,180,134,2020
131,109,Cheick Diallo,PF,20,NOP,17,0,199,36,76,0.474,0,0,,36,76,0.474,0.474,15,21,0.7140000000000001,23,50,73,4,4,7,7,17,87
132,110,Boris Diaw,PF,34,UTA,73,33,1283,146,327,0.446,20,81,0.247,126,246,0.512,0.47700000000000004,26,35,0.743,46,112,158,170,18,9,87,83,338
133,111,Gorgui Dieng,PF,27,MIN,82,82,2653,332,661,0.502,16,43,0.37200000000000005,316,618,0.511,0.514,136,167,0.8140000000000001,188,459,647,158,88,95,107,254,816
134,112,Spencer Dinwiddie,PG,23,BRK,59,18,1334,134,302,0.444,38,101,0.376,96,201,0.478,0.507,126,159,0.792,27,137,164,185,44,23,66,119,432
135,113,Toney Douglas,PG,30,MEM,24,0,394,43,117,0.368,7,42,0.16699999999999998,36,75,0.48,0.397,24,29,0.828,13,48,61,56,18,5,21,50,117
136,114,Goran Dragic,PG,30,MIA,73,73,2459,534,1123,0.47600000000000003,117,288,0.406,417,835,0.499,0.528,298,377,0.79,61,217,278,423,89,13,212,199,1483
137,115,Andre Drummond,C,23,DET,81,81,2409,483,911,0.53,2,7,0.28600000000000003,481,904,0.532,0.531,137,355,0.386,345,771,1116,89,124,89,152,237,1105
138,116,Jared Dudley,PF,31,PHO,64,7,1362,157,346,0.45399999999999996,77,203,0.379,80,143,0.5589999999999999,0.565,43,65,0.662,31,194,225,121,42,16,72,154,434
139,117,Mike Dunleavy,SF,36,TOT,53,2,841,93,220,0.423,53,134,0.396,40,86,0.465,0.5429999999999999,36,45,0.8,18,98,116,50,15,7,28,67,275
140,117,Mike Dunleavy,SF,36,CLE,23,2,366,36,90,0.4,20,57,0.35100000000000003,16,33,0.485,0.511,14,19,0.737,5,42,47,20,6,2,14,32,106
141,117,Mike Dunleavy,SF,36,ATL,30,0,475,57,130,0.43799999999999994,33,77,0.429,24,53,0.45299999999999996,0.565,22,26,0.846,13,56,69,30,9,5,14,35,169
142,118,Kris Dunn,PG,22,MIN,78,7,1333,118,313,0.377,21,73,0.28800000000000003,97,240,0.40399999999999997,0.41100000000000003,36,59,0.61,24,142,166,188,78,36,89,178,293
143,119,Kevin Durant,SF,28,GSW,62,62,2070,551,1026,0.537,117,312,0.375,434,714,0.608,0.594,336,384,0.875,39,474,513,301,66,99,138,117,1555
144,120,Jarell Eddie,SF,25,PHO,5,0,62,6,19,0.316,4,16,0.25,2,3,0.667,0.42100000000000004,8,9,0.889,1,6,7,0,1,0,1,1,24
145,121,Henry Ellenson,PF,20,DET,19,2,146,23,64,0.359,10,34,0.294,13,30,0.433,0.43799999999999994,4,8,0.5,8,33,41,7,1,1,14,6,60
146,122,Wayne Ellington,SG,29,MIA,62,13,1500,231,555,0.41600000000000004,149,394,0.37799999999999995,82,161,0.509,0.55,37,43,0.86,18,115,133,70,36,4,30,70,648
147,123,Monta Ellis,SG,31,IND,74,33,1998,247,557,0.44299999999999995,43,135,0.319,204,422,0.483,0.48200000000000004,93,128,0.727,19,185,204,236,79,27,135,149,630
148,124,Joel Embiid,C,22,PHI,31,31,786,200,429,0.466,36,98,0.36700000000000005,164,331,0.495,0.508,191,244,0.7829999999999999,61,182,243,66,27,76,117,112,627
149,125,James Ennis,SF,26,MEM,64,28,1501,146,321,0.455,51,137,0.37200000000000005,95,184,0.516,0.534,86,110,0.782,69,190,259,64,46,19,59,165,429
150,126,Tyler Ennis,PG,22,TOT,53,2,588,90,208,0.433,27,70,0.386,63,138,0.457,0.498,21,25,0.84,10,36,46,86,26,2,45,58,228
151,126,Tyler Ennis,PG,22,HOU,31,0,196,25,64,0.391,6,16,0.375,19,48,0.396,0.43799999999999994,2,3,0.667,4,15,19,34,6,0,24,29,58
152,126,Tyler Ennis,PG,22,LAL,22,2,392,65,144,0.451,21,54,0.389,44,90,0.489,0.524,19,22,0.8640000000000001,6,21,27,52,20,2,21,29,170
153,127,Tyreke Evans,SG,27,TOT,40,6,788,150,370,0.405,42,118,0.35600000000000004,108,252,0.429,0.462,69,92,0.75,13,124,137,124,35,9,61,60,411
154,127,Tyreke Evans,SG,27,NOP,26,0,474,91,227,0.401,21,70,0.3,70,157,0.446,0.447,45,58,0.7759999999999999,6,80,86,91,23,4,39,41,248
155,127,Tyreke Evans,SG,27,SAC,14,6,314,59,143,0.413,21,48,0.43799999999999994,38,95,0.4,0.486,24,34,0.706,7,44,51,33,12,5,22,19,163
156,128,Dante Exum,PG,21,UTA,66,26,1228,155,364,0.426,44,149,0.295,111,215,0.516,0.486,58,73,0.795,30,102,132,112,21,12,80,146,412
157,129,Kenneth Faried,PF,27,DEN,61,34,1296,228,415,0.5489999999999999,0,6,0.0,228,409,0.557,0.5489999999999999,131,189,0.693,180,279,459,55,43,40,58,124,587
158,130,Jordan Farmar,PG,30,SAC,2,0,35,4,12,0.33299999999999996,4,9,0.444,0,3,0.0,0.5,0,0,,1,2,3,9,2,0,3,1,12
159,131,Derrick Favors,PF,25,UTA,50,39,1186,203,417,0.48700000000000004,3,10,0.3,200,407,0.491,0.49,67,109,0.615,92,213,305,56,45,40,60,103,476
160,132,Kay Felder,PG,21,CLE,42,0,386,62,158,0.392,7,22,0.318,55,136,0.40399999999999997,0.415,35,49,0.7140000000000001,3,38,41,58,18,7,31,38,166
161,133,Cristiano Felicio,C,24,CHI,66,0,1040,128,222,0.5770000000000001,0,0,,128,222,0.5770000000000001,0.5770000000000001,60,93,0.645,124,187,311,40,25,16,33,110,316
162,134,Raymond Felton,PG,32,LAC,80,11,1700,221,514,0.43,46,144,0.319,175,370,0.473,0.475,50,64,0.7809999999999999,33,184,217,191,67,22,83,125,538
163,135,Yogi Ferrell,PG,23,TOT,46,29,1197,160,394,0.406,68,176,0.386,92,218,0.42200000000000004,0.49200000000000005,74,89,0.831,20,91,111,172,42,9,70,90,462
164,135,Yogi Ferrell,PG,23,BRK,10,0,151,18,49,0.36700000000000005,8,27,0.29600000000000004,10,22,0.455,0.449,10,16,0.625,4,8,12,17,2,2,14,11,54
165,135,Yogi Ferrell,PG,23,DAL,36,29,1046,142,345,0.41200000000000003,60,149,0.40299999999999997,82,196,0.418,0.499,64,73,0.877,16,83,99,155,40,7,56,79,408
166,136,Dorian Finney-Smith,PF,23,DAL,81,35,1642,124,333,0.37200000000000005,56,191,0.293,68,142,0.479,0.456,46,61,0.754,55,166,221,67,52,25,45,125,350
167,137,Bryn Forbes,SG,23,SAS,36,0,285,36,99,0.364,17,53,0.321,19,46,0.413,0.449,5,6,0.833,2,21,23,23,1,0,11,20,94
168,138,Evan Fournier,SG,24,ORL,68,66,2234,408,930,0.439,128,360,0.35600000000000004,280,570,0.491,0.508,223,277,0.805,44,165,209,202,66,4,141,180,1167
169,139,Randy Foye,SG,33,BRK,69,40,1284,118,325,0.363,67,203,0.33,51,122,0.418,0.466,54,63,0.857,9,146,155,135,35,9,80,99,357
170,140,Tim Frazier,PG,26,NOP,65,35,1525,163,404,0.40299999999999997,40,128,0.313,123,276,0.446,0.45299999999999996,98,129,0.76,34,139,173,335,56,6,101,133,464
171,141,Channing Frye,C,33,CLE,74,15,1398,238,520,0.45799999999999996,137,335,0.409,101,185,0.546,0.589,63,74,0.851,37,254,291,45,33,37,53,138,676
172,142,Danilo Gallinari,SF,28,DEN,63,63,2134,335,750,0.447,126,325,0.38799999999999996,209,425,0.49200000000000005,0.531,349,387,0.902,39,286,325,136,41,15,81,93,1145
173,143,Langston Galloway,PG,25,TOT,74,2,1495,207,545,0.38,120,308,0.39,87,237,0.36700000000000005,0.49,51,64,0.797,27,129,156,93,46,6,46,96,585
174,143,Langston Galloway,PG,25,NOP,55,0,1120,165,441,0.374,101,268,0.377,64,173,0.37,0.489,40,52,0.769,20,101,121,65,40,5,28,76,471
175,143,Langston Galloway,PG,25,SAC,19,2,375,42,104,0.40399999999999997,19,40,0.475,23,64,0.359,0.495,11,12,0.917,7,28,35,28,6,1,18,20,114
176,144,Patricio Garino,SG,23,ORL,5,0,43,0,7,0.0,0,5,0.0,0,2,0.0,0.0,0,0,,1,6,7,0,0,0,3,4,0
177,145,Marc Gasol,C,32,MEM,74,74,2531,532,1160,0.45899999999999996,104,268,0.38799999999999996,428,892,0.48,0.503,278,332,0.8370000000000001,60,402,462,338,67,100,166,171,1446
178,146,Pau Gasol,C,36,SAS,64,39,1627,303,604,0.502,56,104,0.5379999999999999,247,500,0.494,0.5479999999999999,130,184,0.7070000000000001,107,394,501,150,24,70,81,110,792
179,147,Rudy Gay,SF,30,SAC,30,30,1013,201,442,0.455,42,113,0.37200000000000005,159,329,0.483,0.502,118,138,0.855,35,155,190,82,44,26,74,79,562
180,148,Michael Gbinije,SG,24,DET,9,0,32,1,10,0.1,0,4,0.0,1,6,0.16699999999999998,0.1,2,2,1.0,2,1,3,2,0,0,0,2,4
181,149,Alonzo Gee,SF,29,DEN,13,0,89,3,14,0.214,0,3,0.0,3,11,0.273,0.214,5,9,0.556,4,10,14,6,5,1,4,14,11
182,150,Paul George,SF,26,IND,75,75,2689,622,1348,0.461,195,495,0.39399999999999996,427,853,0.501,0.534,336,374,0.898,58,434,492,251,117,27,218,206,1775
183,151,Marcus Georges-Hunt,SG,22,ORL,5,0,48,2,7,0.28600000000000003,1,2,0.5,1,5,0.2,0.35700000000000004,9,10,0.9,1,8,9,3,1,0,2,5,14
184,152,Jonathan Gibson,PG,29,DAL,17,0,231,35,95,0.368,15,45,0.33299999999999996,20,50,0.4,0.447,21,29,0.7240000000000001,1,21,22,26,8,0,21,21,106
185,153,Taj Gibson,PF,31,TOT,78,71,1989,365,709,0.515,3,13,0.231,362,696,0.52,0.517,113,158,0.715,158,328,486,73,42,66,105,163,846
186,153,Taj Gibson,PF,31,CHI,55,55,1502,276,530,0.521,2,12,0.16699999999999998,274,518,0.529,0.523,85,119,0.7140000000000001,120,263,383,60,28,51,77,123,639
187,153,Taj Gibson,PF,31,OKC,23,16,487,89,179,0.49700000000000005,1,1,1.0,88,178,0.494,0.5,28,39,0.718,38,65,103,13,14,15,28,40,207
188,154,Manu Ginobili,SG,39,SAS,69,0,1291,171,439,0.39,89,227,0.392,82,212,0.387,0.491,86,107,0.804,28,129,157,183,82,16,96,119,517
189,155,Rudy Gobert,C,24,UTA,81,81,2744,413,623,0.6629999999999999,0,1,0.0,413,622,0.664,0.6629999999999999,311,476,0.653,314,721,1035,97,49,214,148,246,1137
190,156,Archie Goodwin,SG,22,TOT,15,0,214,36,66,0.545,5,15,0.33299999999999996,31,51,0.608,0.583,33,42,0.7859999999999999,7,21,28,24,4,5,14,8,110
191,156,Archie Goodwin,SG,22,NOP,3,0,30,2,5,0.4,1,2,0.5,1,3,0.33299999999999996,0.5,10,10,1.0,0,0,0,1,0,1,0,1,15
192,156,Archie Goodwin,SG,22,BRK,12,0,184,34,61,0.557,4,13,0.308,30,48,0.625,0.59,23,32,0.7190000000000001,7,21,28,23,4,4,14,7,95
193,157,Aaron Gordon,SF,21,ORL,80,72,2298,393,865,0.45399999999999996,77,267,0.28800000000000003,316,598,0.528,0.499,156,217,0.7190000000000001,115,290,405,150,64,40,89,172,1019
194,158,Eric Gordon,SG,28,HOU,75,15,2323,412,1015,0.406,246,661,0.37200000000000005,166,354,0.469,0.527,147,175,0.84,29,172,201,188,48,40,121,150,1217
195,159,Marcin Gortat,C,32,WAS,82,82,2556,390,673,0.579,0,2,0.0,390,671,0.581,0.579,103,159,0.648,238,610,848,121,40,65,118,213,883
196,160,Treveon Graham,SG,23,CHO,27,1,189,19,40,0.475,9,15,0.6,10,25,0.4,0.588,10,15,0.667,5,17,22,6,6,1,3,18,57
197,161,Jerami Grant,SF,22,TOT,80,4,1531,152,328,0.46299999999999997,43,116,0.371,109,212,0.514,0.529,90,147,0.612,38,168,206,46,34,79,44,149,437
198,161,Jerami Grant,SF,22,PHI,2,0,41,6,17,0.353,0,2,0.0,6,15,0.4,0.353,4,8,0.5,0,7,7,0,0,4,3,5,16
199,161,Jerami Grant,SF,22,OKC,78,4,1490,146,311,0.469,43,114,0.377,103,197,0.523,0.539,86,139,0.619,38,161,199,46,34,75,41,144,421
200,162,Jerian Grant,PG,24,CHI,63,28,1028,128,301,0.425,49,134,0.366,79,167,0.473,0.507,65,73,0.89,17,94,111,120,47,8,44,93,370
201,163,Danny Green,SG,29,SAS,68,68,1807,176,449,0.392,118,311,0.379,58,138,0.42,0.523,27,32,0.8440000000000001,31,193,224,124,71,58,76,120,497
202,164,Draymond Green,PF,26,GSW,76,76,2471,272,650,0.418,81,263,0.308,191,387,0.494,0.48100000000000004,151,213,0.7090000000000001,98,501,599,533,154,106,184,217,776
203,165,Gerald Green,SG,31,BOS,47,0,538,95,232,0.409,39,111,0.35100000000000003,56,121,0.46299999999999997,0.494,33,41,0.805,17,68,85,33,9,7,25,48,262
204,166,JaMychal Green,PF,26,MEM,77,75,2101,250,500,0.5,55,144,0.382,195,356,0.5479999999999999,0.555,134,167,0.802,167,377,544,84,46,34,94,248,689
205,167,Jeff Green,SF,30,ORL,69,11,1534,220,558,0.39399999999999996,53,193,0.275,167,365,0.45799999999999996,0.442,145,168,0.863,39,173,212,80,37,14,75,103,638
206,168,Blake Griffin,PF,27,LAC,61,61,2076,479,971,0.493,38,113,0.336,441,858,0.514,0.513,320,421,0.76,111,385,496,300,58,23,142,157,1316
207,169,Justin Hamilton,C,26,BRK,64,7,1177,174,379,0.45899999999999996,55,181,0.304,119,198,0.601,0.532,39,52,0.75,71,191,262,55,29,43,43,91,442
208,170,A.J. Hammons,C,24,DAL,22,0,163,17,42,0.405,5,10,0.5,12,32,0.375,0.46399999999999997,9,20,0.45,8,28,36,4,1,13,10,21,48
209,171,Tim Hardaway,SG,24,ATL,79,30,2154,415,912,0.455,149,417,0.35700000000000004,266,495,0.537,0.537,164,214,0.7659999999999999,35,189,224,182,55,15,106,103,1143
210,172,James Harden,PG,27,HOU,81,81,2947,674,1533,0.44,262,756,0.34700000000000003,412,777,0.53,0.525,746,881,0.847,95,564,659,906,120,37,464,215,2356
211,173,Maurice Harkless,SF,23,POR,77,69,2223,314,624,0.503,68,194,0.35100000000000003,246,430,0.5720000000000001,0.5579999999999999,77,124,0.621,125,216,341,89,85,70,85,214,773
212,174,Justin Harper,PF,27,PHI,3,0,31,5,12,0.41700000000000004,2,7,0.28600000000000003,3,5,0.6,0.5,0,0,,2,3,5,2,0,0,4,2,12
213,175,Montrezl Harrell,PF,23,HOU,58,14,1064,225,345,0.652,1,7,0.14300000000000002,224,338,0.6629999999999999,0.654,76,121,0.628,81,138,219,64,20,42,44,126,527
214,176,Devin Harris,PG,33,DAL,65,0,1087,136,341,0.39899999999999997,58,177,0.32799999999999996,78,164,0.47600000000000003,0.484,107,129,0.8290000000000001,11,116,127,136,43,7,57,101,437
215,177,Gary Harris,SG,22,DEN,57,56,1782,320,636,0.503,107,255,0.42,213,381,0.5589999999999999,0.5870000000000001,104,134,0.7759999999999999,48,131,179,164,71,8,76,92,851
216,178,Joe Harris,SG,25,BRK,52,11,1138,154,362,0.425,85,221,0.385,69,141,0.489,0.5429999999999999,35,49,0.7140000000000001,16,131,147,54,30,8,55,121,428
217,179,Manny Harris,SG,27,DAL,4,0,25,3,15,0.2,0,2,0.0,3,13,0.231,0.2,2,4,0.5,3,6,9,2,0,0,2,1,8
218,180,Tobias Harris,PF,24,DET,82,48,2567,511,1063,0.48100000000000004,109,314,0.34700000000000003,402,749,0.537,0.532,190,226,0.841,63,353,416,142,59,39,95,133,1321
219,181,Aaron Harrison,SG,22,CHO,5,0,17,0,4,0.0,0,2,0.0,0,2,0.0,0.0,1,2,0.5,0,3,3,3,0,0,0,2,1
220,182,Andrew Harrison,SG,22,MEM,72,18,1474,117,360,0.325,43,156,0.276,74,204,0.363,0.385,148,194,0.763,23,113,136,198,54,20,85,194,425
221,183,Udonis Haslem,C,36,MIA,17,0,130,11,23,0.478,0,3,0.0,11,20,0.55,0.478,9,15,0.6,8,28,36,6,5,1,8,22,31
222,184,Spencer Hawes,PF,28,TOT,54,1,797,134,277,0.484,25,81,0.309,109,196,0.556,0.529,44,52,0.846,38,153,191,81,15,30,49,77,337
223,184,Spencer Hawes,PF,28,CHO,35,1,626,104,218,0.47700000000000004,16,55,0.29100000000000004,88,163,0.54,0.514,30,34,0.882,32,114,146,62,13,26,40,61,254
224,184,Spencer Hawes,PF,28,MIL,19,0,171,30,59,0.508,9,26,0.34600000000000003,21,33,0.636,0.585,14,18,0.778,6,39,45,19,2,4,9,16,83
225,185,Gordon Hayward,SF,26,UTA,73,73,2516,545,1156,0.47100000000000003,149,374,0.39799999999999996,396,782,0.506,0.536,362,429,0.8440000000000001,49,344,393,252,73,20,140,117,1601
226,186,Gerald Henderson,SG,29,PHI,72,41,1667,234,552,0.424,61,173,0.353,173,379,0.456,0.479,133,165,0.8059999999999999,34,151,185,112,41,14,63,129,662
227,187,John Henson,C,26,MIL,58,39,1123,159,310,0.513,0,1,0.0,159,309,0.515,0.513,74,107,0.6920000000000001,92,203,295,57,29,78,53,151,392
228,188,Juan Hernangomez,PF,21,DEN,62,9,842,101,223,0.45299999999999996,46,112,0.41100000000000003,55,111,0.495,0.556,57,76,0.75,43,144,187,29,29,12,31,62,305
229,189,Willy Hernangomez,C,22,NYK,72,22,1324,246,464,0.53,4,15,0.267,242,449,0.539,0.534,91,125,0.728,169,333,502,97,41,36,100,150,587
230,190,Mario Hezonja,SF,21,ORL,65,2,960,117,329,0.35600000000000004,43,144,0.299,74,185,0.4,0.42100000000000004,40,50,0.8,20,127,147,62,30,14,58,74,317
231,191,Roy Hibbert,C,30,TOT,48,13,682,80,147,0.544,0,0,,80,147,0.544,0.544,61,75,0.813,54,100,154,21,8,46,32,100,221
232,191,Roy Hibbert,C,30,CHO,42,13,671,78,144,0.542,0,0,,78,144,0.542,0.542,61,75,0.813,53,99,152,20,8,44,31,97,217
233,191,Roy Hibbert,C,30,DEN,6,0,11,2,3,0.667,0,0,,2,3,0.667,0.667,0,0,,1,1,2,1,0,2,1,3,4
234,192,Buddy Hield,SG,23,TOT,82,55,1888,327,768,0.426,148,379,0.391,179,389,0.46,0.522,64,76,0.8420000000000001,35,234,269,121,38,9,101,115,866
235,192,Buddy Hield,SG,23,NOP,57,37,1161,185,472,0.392,89,241,0.369,96,231,0.41600000000000004,0.486,29,33,0.879,19,147,166,77,18,7,48,81,488
236,192,Buddy Hield,SG,23,SAC,25,18,727,142,296,0.48,59,138,0.428,83,158,0.525,0.579,35,43,0.8140000000000001,16,87,103,44,20,2,53,34,378
237,193,Nene Hilario,C,34,HOU,67,8,1198,245,397,0.617,3,9,0.33299999999999996,242,388,0.624,0.621,116,197,0.589,95,186,281,65,56,40,73,163,609
238,194,George Hill,PG,30,UTA,49,49,1544,289,606,0.47700000000000004,94,233,0.40299999999999997,195,373,0.523,0.5539999999999999,157,196,0.8009999999999999,23,144,167,203,50,11,85,114,829
239,195,Jordan Hill,C,29,MIN,7,0,47,5,13,0.385,0,0,,5,13,0.385,0.385,2,2,1.0,8,6,14,0,1,0,4,9,12
240,196,Solomon Hill,SF,25,NOP,80,71,2374,183,477,0.384,94,270,0.348,89,207,0.43,0.48200000000000004,103,128,0.805,51,256,307,141,71,32,82,182,563
241,197,Darrun Hilliard,SG,23,DET,39,1,381,47,126,0.373,12,46,0.261,35,80,0.43799999999999994,0.42100000000000004,21,28,0.75,2,31,33,33,11,2,28,39,127
242,198,Jrue Holiday,PG,26,NOP,67,61,2190,405,894,0.45299999999999996,100,281,0.35600000000000004,305,613,0.498,0.509,119,168,0.708,46,218,264,488,100,43,194,133,1029
243,199,Justin Holiday,SG,27,NYK,82,4,1639,233,538,0.433,97,273,0.355,136,265,0.513,0.523,66,80,0.825,27,199,226,102,65,31,66,109,629
244,200,Rondae Hollis-Jefferson,SF,22,BRK,78,50,1761,235,542,0.434,15,67,0.22399999999999998,220,475,0.46299999999999997,0.447,190,253,0.7509999999999999,96,357,453,154,82,44,116,177,675
245,201,Richaun Holmes,C,23,PHI,57,17,1193,230,412,0.5579999999999999,27,77,0.35100000000000003,203,335,0.606,0.591,72,103,0.6990000000000001,94,217,311,58,42,54,55,136,559
246,202,Rodney Hood,SG,24,UTA,59,55,1593,272,666,0.408,114,306,0.373,158,360,0.439,0.494,90,115,0.7829999999999999,16,186,202,96,39,11,65,132,748
247,203,Al Horford,C,30,BOS,68,68,2193,379,801,0.473,86,242,0.355,293,559,0.524,0.527,108,135,0.8,95,369,464,337,52,87,115,138,952
248,204,Danuel House,SG,23,WAS,1,0,1,0,0,,0,0,,0,0,,,0,0,,0,1,1,0,0,0,0,0,0
249,205,Dwight Howard,C,31,ATL,74,74,2199,388,613,0.633,0,2,0.0,388,611,0.635,0.633,226,424,0.5329999999999999,296,644,940,104,64,92,170,203,1002
250,206,Marcelo Huertas,PG,33,LAL,23,1,237,25,68,0.368,4,19,0.21100000000000002,21,49,0.429,0.397,9,17,0.529,2,22,24,52,10,2,19,16,63
251,207,Josh Huestis,PF,25,OKC,2,0,31,6,11,0.545,2,4,0.5,4,7,0.5710000000000001,0.636,0,1,0.0,4,5,9,3,0,4,0,0,14
252,208,Kris Humphries,PF,31,ATL,56,4,689,87,214,0.40700000000000003,19,54,0.35200000000000004,68,160,0.425,0.451,64,82,0.78,60,145,205,29,15,21,28,69,257
253,209,R.J. Hunter,SG,23,CHI,3,0,9,0,1,0.0,0,1,0.0,0,0,,0.0,0,0,,0,1,1,0,0,0,0,0,0
254,210,Serge Ibaka,PF,27,TOT,79,79,2422,471,982,0.48,124,317,0.391,347,665,0.522,0.5429999999999999,107,125,0.856,129,409,538,74,41,124,105,215,1173
255,210,Serge Ibaka,PF,27,ORL,56,56,1710,343,703,0.488,83,214,0.38799999999999996,260,489,0.532,0.547,77,91,0.846,100,282,382,59,34,91,66,139,846
256,210,Serge Ibaka,PF,27,TOR,23,23,712,128,279,0.45899999999999996,41,103,0.39799999999999996,87,176,0.494,0.532,30,34,0.882,29,127,156,15,7,33,39,76,327
257,211,Andre Iguodala,SF,33,GSW,76,0,1998,219,415,0.528,64,177,0.36200000000000004,155,238,0.6509999999999999,0.605,72,102,0.706,51,253,304,262,76,39,58,97,574
258,212,Ersan Ilyasova,PF,29,TOT,82,52,2142,384,890,0.431,142,402,0.353,242,488,0.496,0.511,161,207,0.778,115,366,481,140,58,23,115,211,1071
259,212,Ersan Ilyasova,PF,29,OKC,3,0,62,6,16,0.375,3,12,0.25,3,4,0.75,0.469,0,0,,2,14,16,1,3,1,4,5,15
260,212,Ersan Ilyasova,PF,29,PHI,53,40,1447,285,648,0.44,107,298,0.359,178,350,0.509,0.522,109,142,0.768,71,243,314,97,33,14,78,133,786
261,212,Ersan Ilyasova,PF,29,ATL,26,12,633,93,226,0.41200000000000003,32,92,0.348,61,134,0.455,0.48200000000000004,52,65,0.8,42,109,151,42,22,8,33,73,270
262,213,Joe Ingles,SF,29,UTA,82,26,1972,204,451,0.452,123,279,0.441,81,172,0.47100000000000003,0.589,50,68,0.735,23,237,260,224,96,8,107,163,581
263,214,Brandon Ingram,SF,19,LAL,79,40,2279,276,686,0.402,55,187,0.294,221,499,0.44299999999999995,0.442,133,214,0.621,60,257,317,166,50,36,116,158,740
264,215,Kyrie Irving,PG,24,CLE,72,72,2525,671,1420,0.473,177,441,0.401,494,979,0.505,0.535,297,328,0.905,52,177,229,418,83,25,180,157,1816
265,216,Jarrett Jack,PG,33,NOP,2,0,33,2,3,0.667,0,1,0.0,2,2,1.0,0.667,2,2,1.0,0,0,0,5,2,0,3,4,6
266,217,Demetrius Jackson,PG,22,BOS,5,0,17,3,4,0.75,1,1,1.0,2,3,0.667,0.875,3,6,0.5,2,2,4,3,0,0,0,0,10
267,218,Pierre Jackson,PG,25,DAL,8,1,84,13,39,0.33299999999999996,3,11,0.273,10,28,0.35700000000000004,0.37200000000000005,6,7,0.857,1,8,9,19,2,0,3,5,35
268,219,Reggie Jackson,PG,26,DET,52,50,1424,284,677,0.419,66,184,0.359,218,493,0.442,0.46799999999999997,118,136,0.868,21,92,113,270,35,5,114,129,752
269,220,LeBron James,SF,32,CLE,74,74,2794,736,1344,0.5479999999999999,124,342,0.363,612,1002,0.611,0.594,358,531,0.674,97,543,640,646,92,44,303,134,1954
270,221,Al Jefferson,C,32,IND,66,1,931,235,471,0.499,0,1,0.0,235,470,0.5,0.499,65,85,0.765,75,203,278,57,19,16,33,125,535
271,222,Richard Jefferson,SF,36,CLE,79,13,1614,153,343,0.446,62,186,0.33299999999999996,91,157,0.58,0.536,80,108,0.741,28,174,202,78,26,10,52,153,448
272,223,John Jenkins,SG,25,PHO,4,0,13,2,5,0.4,1,2,0.5,1,3,0.33299999999999996,0.5,2,2,1.0,0,1,1,1,0,0,0,0,7
273,224,Brandon Jennings,PG,27,TOT,81,13,1802,192,535,0.359,79,252,0.313,113,283,0.39899999999999997,0.433,114,152,0.75,29,166,195,395,70,5,129,116,577
274,224,Brandon Jennings,PG,27,NYK,58,11,1428,163,429,0.38,68,200,0.34,95,229,0.415,0.45899999999999996,102,135,0.7559999999999999,21,130,151,287,55,5,107,84,496
275,224,Brandon Jennings,PG,27,WAS,23,2,374,29,106,0.27399999999999997,11,52,0.212,18,54,0.33299999999999996,0.325,12,17,0.706,8,36,44,108,15,0,22,32,81
276,225,Jonas Jerebko,PF,29,BOS,78,6,1232,114,262,0.435,45,130,0.34600000000000003,69,132,0.523,0.521,26,37,0.703,60,212,272,71,27,17,39,122,299
277,226,Amir Johnson,PF,29,BOS,80,77,1608,213,370,0.5760000000000001,27,66,0.409,186,304,0.612,0.612,67,100,0.67,117,248,365,141,52,63,77,211,520
278,227,Brice Johnson,PF,22,LAC,3,0,9,2,7,0.28600000000000003,0,0,,2,7,0.28600000000000003,0.28600000000000003,0,0,,1,2,3,1,2,1,1,0,4
279,228,James Johnson,PF,29,MIA,76,5,2085,368,769,0.479,87,255,0.341,281,514,0.547,0.535,152,215,0.7070000000000001,66,309,375,276,76,86,171,197,975
280,229,Joe Johnson,SF,35,UTA,78,14,1843,273,626,0.436,106,258,0.41100000000000003,167,368,0.45399999999999996,0.521,63,77,0.818,33,209,242,144,35,18,69,93,715
281,230,Stanley Johnson,SF,20,DET,77,1,1371,129,365,0.353,45,154,0.292,84,211,0.39799999999999996,0.415,36,53,0.679,36,153,189,105,56,24,71,121,339
282,231,Tyler Johnson,PG,24,MIA,73,0,2178,357,824,0.433,93,250,0.37200000000000005,264,574,0.46,0.49,195,254,0.768,50,243,293,233,84,44,90,176,1002
283,232,Wesley Johnson,SF,29,LAC,68,3,810,73,200,0.365,29,117,0.248,44,83,0.53,0.43799999999999994,11,17,0.647,26,155,181,23,29,30,18,83,186
284,233,Nikola Jokic,C,21,DEN,73,59,2038,494,856,0.5770000000000001,45,139,0.324,449,717,0.626,0.603,188,228,0.825,212,503,715,358,60,55,171,214,1221
285,234,Dahntay Jones,SF,36,CLE,1,0,12,3,8,0.375,0,2,0.0,3,6,0.5,0.375,3,4,0.75,1,1,2,1,0,0,1,1,9
286,235,Damian Jones,C,21,GSW,10,0,85,8,16,0.5,0,0,,8,16,0.5,0.5,3,10,0.3,9,14,23,0,1,4,6,15,19
287,236,Derrick Jones,SF,19,PHO,32,8,545,68,121,0.562,3,11,0.273,65,110,0.591,0.574,29,41,0.7070000000000001,39,40,79,12,14,13,13,63,168
288,237,James Jones,SF,36,CLE,48,2,381,44,92,0.478,31,66,0.47,13,26,0.5,0.647,13,20,0.65,3,36,39,14,7,10,10,37,132
289,238,Terrence Jones,PF,25,TOT,54,12,1270,231,491,0.47,19,75,0.253,212,416,0.51,0.49,103,170,0.606,65,241,306,58,40,54,48,67,584
290,238,Terrence Jones,PF,25,NOP,51,12,1264,231,488,0.473,19,75,0.253,212,413,0.513,0.493,103,170,0.606,65,238,303,58,39,53,48,67,584
291,238,Terrence Jones,PF,25,MIL,3,0,6,0,3,0.0,0,0,,0,3,0.0,0.0,0,0,,0,3,3,0,1,1,0,0,0
292,239,Tyus Jones,PG,20,MIN,60,0,774,75,181,0.414,26,73,0.35600000000000004,49,108,0.45399999999999996,0.486,33,43,0.767,10,57,67,156,47,5,38,50,209
293,240,DeAndre Jordan,C,28,LAC,81,81,2570,412,577,0.7140000000000001,0,2,0.0,412,575,0.7170000000000001,0.7140000000000001,205,425,0.48200000000000004,297,817,1114,96,52,135,116,212,1029
294,241,Cory Joseph,SG,25,TOR,80,22,2003,299,661,0.452,48,135,0.35600000000000004,251,526,0.47700000000000004,0.489,94,122,0.77,52,184,236,265,66,13,109,140,740
295,242,Frank Kaminsky,C,23,CHO,75,16,1954,320,802,0.39899999999999997,116,354,0.32799999999999996,204,448,0.455,0.47100000000000003,118,156,0.7559999999999999,57,281,338,162,46,36,76,139,874
296,243,Enes Kanter,C,24,OKC,72,0,1533,402,737,0.545,5,38,0.132,397,699,0.568,0.5489999999999999,224,285,0.7859999999999999,195,287,482,67,32,38,123,154,1033
297,244,Ryan Kelly,PF,25,ATL,16,0,110,8,28,0.28600000000000003,4,10,0.4,4,18,0.222,0.35700000000000004,5,6,0.833,1,17,18,8,4,5,4,5,25
298,245,Michael Kidd-Gilchrist,SF,23,CHO,81,81,2349,295,618,0.47700000000000004,1,9,0.111,294,609,0.483,0.478,152,194,0.784,155,409,564,114,81,77,56,187,743
299,246,Sean Kilpatrick,SG,27,BRK,70,24,1754,305,735,0.415,105,308,0.341,200,427,0.46799999999999997,0.486,204,242,0.843,22,258,280,157,46,6,136,118,919
300,247,Brandon Knight,SG,25,PHO,54,5,1140,209,525,0.39799999999999996,45,139,0.324,164,386,0.425,0.441,132,154,0.857,25,93,118,130,27,5,89,87,595
301,248,Kyle Korver,SG,35,TOT,67,22,1753,239,514,0.465,162,359,0.451,77,155,0.49700000000000005,0.623,38,42,0.905,8,178,186,110,33,21,69,107,678
302,248,Kyle Korver,SG,35,ATL,32,21,894,108,245,0.441,65,159,0.409,43,86,0.5,0.573,24,27,0.889,1,89,90,75,22,13,40,47,305
303,248,Kyle Korver,SG,35,CLE,35,1,859,131,269,0.48700000000000004,97,200,0.485,34,69,0.493,0.667,14,15,0.9329999999999999,7,89,96,35,11,8,29,60,373
304,249,Kosta Koufos,C,27,SAC,71,62,1419,216,392,0.551,0,1,0.0,216,391,0.552,0.551,38,62,0.613,118,285,403,47,36,48,61,172,470
305,250,Mindaugas Kuzminskas,SF,27,NYK,68,5,1016,158,368,0.429,54,168,0.321,104,200,0.52,0.503,55,68,0.809,47,79,126,69,29,11,50,79,425
306,251,Skal Labissiere,PF,20,SAC,33,12,612,117,218,0.537,3,8,0.375,114,210,0.5429999999999999,0.544,52,74,0.703,51,111,162,27,16,13,37,64,289
307,252,Jeremy Lamb,SG,24,CHO,62,5,1143,226,491,0.46,41,146,0.281,185,345,0.536,0.502,110,129,0.853,30,234,264,75,27,23,40,98,603
308,253,Nicolas Laprovittola,PG,27,SAS,18,3,174,20,47,0.426,10,27,0.37,10,20,0.5,0.532,9,9,1.0,1,9,10,28,4,1,19,19,59
309,254,Joffrey Lauvergne,C,25,TOT,70,1,980,148,336,0.44,33,98,0.337,115,238,0.483,0.49,46,73,0.63,72,179,251,70,25,6,56,83,375
310,254,Joffrey Lauvergne,C,25,OKC,50,0,739,111,244,0.455,27,78,0.34600000000000003,84,166,0.506,0.51,37,58,0.638,51,132,183,51,18,6,40,71,286
311,254,Joffrey Lauvergne,C,25,CHI,20,1,241,37,92,0.402,6,20,0.3,31,72,0.431,0.435,9,15,0.6,21,47,68,19,7,0,16,12,89
312,255,Zach LaVine,SG,21,MIN,47,47,1749,326,710,0.45899999999999996,120,310,0.387,206,400,0.515,0.544,117,140,0.836,18,141,159,139,41,10,85,104,889
313,256,Ty Lawson,PG,29,SAC,69,24,1732,237,522,0.45399999999999996,34,118,0.28800000000000003,203,404,0.502,0.48700000000000004,173,217,0.797,44,135,179,335,74,6,129,119,681
314,257,Jake Layman,SF,22,POR,35,1,249,26,89,0.292,13,51,0.255,13,38,0.342,0.365,13,17,0.765,6,18,24,11,9,3,11,22,78
315,258,Courtney Lee,SG,31,NYK,77,74,2459,321,705,0.455,108,269,0.401,213,436,0.489,0.532,85,98,0.867,54,206,260,179,81,23,69,141,835
316,259,David Lee,PF,33,SAS,79,10,1477,248,420,0.59,0,0,,248,420,0.59,0.59,80,113,0.708,148,292,440,124,31,40,82,125,576
317,260,Alex Len,C,23,PHO,77,34,1560,230,463,0.49700000000000005,3,12,0.25,227,451,0.503,0.5,150,208,0.721,156,354,510,44,37,98,102,242,613
318,261,Kawhi Leonard,SF,25,SAS,74,74,2474,636,1311,0.485,147,386,0.381,489,925,0.529,0.541,469,533,0.88,80,350,430,260,132,55,154,122,1888
319,262,Meyers Leonard,PF,24,POR,74,12,1222,146,378,0.386,74,213,0.34700000000000003,72,165,0.436,0.484,35,40,0.875,27,209,236,71,13,28,35,172,401
320,263,Jon Leuer,PF,27,DET,75,34,1944,310,646,0.48,49,167,0.293,261,479,0.545,0.518,98,113,0.867,102,300,402,111,31,26,66,145,767
321,264,Caris LeVert,SF,22,BRK,57,26,1237,171,380,0.45,59,184,0.321,112,196,0.5710000000000001,0.528,67,93,0.72,23,165,188,110,49,8,59,91,468
322,265,DeAndre Liggins,SG,28,TOT,62,19,777,55,142,0.387,17,46,0.37,38,96,0.396,0.447,25,40,0.625,20,88,108,54,47,14,42,81,152
323,265,DeAndre Liggins,SG,28,CLE,61,19,752,52,136,0.382,17,45,0.37799999999999995,35,91,0.385,0.445,23,37,0.622,17,84,101,54,45,14,42,78,144
324,265,DeAndre Liggins,SG,28,DAL,1,0,25,3,6,0.5,0,1,0.0,3,5,0.6,0.5,2,3,0.667,3,4,7,0,2,0,0,3,8
325,266,Damian Lillard,PG,26,POR,75,75,2694,661,1488,0.444,214,578,0.37,447,910,0.491,0.516,488,545,0.895,46,322,368,439,68,20,197,152,2024
326,267,Jeremy Lin,PG,28,BRK,36,33,883,175,400,0.43799999999999994,58,156,0.37200000000000005,117,244,0.48,0.51,115,141,0.816,11,124,135,184,41,14,86,79,523
327,268,Shaun Livingston,PG,31,GSW,76,3,1345,173,316,0.547,1,3,0.33299999999999996,172,313,0.55,0.5489999999999999,42,60,0.7,28,123,151,139,38,20,61,120,389
328,269,Shawn Long,C,24,PHI,18,0,234,61,109,0.56,7,19,0.368,54,90,0.6,0.5920000000000001,19,35,0.5429999999999999,41,44,85,13,9,9,13,49,148
329,270,Kevon Looney,C,20,GSW,53,4,447,56,107,0.523,2,9,0.222,54,98,0.551,0.5329999999999999,21,34,0.618,44,80,124,29,14,17,17,64,135
330,271,Brook Lopez,C,28,BRK,75,75,2222,555,1172,0.474,134,387,0.34600000000000003,421,785,0.536,0.531,295,364,0.81,121,282,403,176,38,124,184,192,1539
331,272,Robin Lopez,C,28,CHI,81,81,2271,382,775,0.493,0,2,0.0,382,773,0.494,0.493,75,104,0.721,244,276,520,80,18,117,90,151,839
332,273,Kevin Love,PF,28,CLE,60,60,1885,370,867,0.42700000000000005,145,389,0.373,225,478,0.47100000000000003,0.51,257,295,0.871,148,518,666,116,53,22,122,125,1142
333,274,Kyle Lowry,PG,30,TOR,60,60,2244,426,918,0.46399999999999997,193,468,0.41200000000000003,233,450,0.518,0.569,299,365,0.8190000000000001,48,239,287,417,89,19,173,170,1344
334,275,John Lucas III,PG,34,MIN,5,0,11,1,4,0.25,0,1,0.0,1,3,0.33299999999999996,0.25,0,0,,0,0,0,1,2,0,0,0,2
335,276,Timothe Luwawu-Cabarrot,SF,21,PHI,69,19,1190,145,361,0.402,50,161,0.311,95,200,0.475,0.47100000000000003,105,123,0.8540000000000001,25,123,148,75,32,10,73,154,445
336,277,Trey Lyles,PF,21,UTA,71,4,1158,159,439,0.36200000000000004,65,204,0.319,94,235,0.4,0.436,57,79,0.722,48,187,235,70,26,20,64,97,440
337,278,Shelvin Mack,PG,26,UTA,55,9,1205,170,381,0.446,37,120,0.308,133,261,0.51,0.495,53,77,0.688,20,108,128,154,42,3,90,100,430
338,279,Ian Mahinmi,C,30,WAS,31,0,555,65,111,0.586,0,0,,65,111,0.586,0.586,43,75,0.573,47,103,150,19,33,24,34,90,173
339,280,Thon Maker,PF,19,MIL,57,34,562,83,181,0.45899999999999996,28,74,0.37799999999999995,55,107,0.514,0.536,32,49,0.653,40,74,114,23,10,26,17,84,226
340,281,Boban Marjanovic,C,28,DET,35,0,293,72,132,0.545,0,0,,72,132,0.545,0.545,47,58,0.81,46,84,130,9,6,12,10,25,191
341,282,Jarell Martin,PF,22,MEM,42,3,558,58,151,0.384,9,25,0.36,49,126,0.389,0.414,40,50,0.8,42,120,162,8,17,9,28,91,165
342,283,Wesley Matthews,SG,30,DAL,73,73,2495,333,847,0.39299999999999996,174,479,0.363,159,368,0.43200000000000005,0.496,146,179,0.816,18,242,260,210,77,16,102,161,986
343,284,Luc Mbah a Moute,PF,30,LAC,80,76,1787,191,378,0.505,43,110,0.391,148,268,0.552,0.562,59,87,0.6779999999999999,47,128,175,39,81,35,47,122,484
344,285,James Michael McAdoo,PF,24,GSW,52,2,457,62,117,0.53,2,8,0.25,60,109,0.55,0.5379999999999999,21,42,0.5,33,56,89,17,18,29,19,47,147
345,286,Patrick McCaw,SG,21,GSW,71,20,1074,106,245,0.433,41,123,0.33299999999999996,65,122,0.5329999999999999,0.516,29,37,0.784,22,79,101,77,32,15,36,62,282
346,287,Sheldon McClellan,SG,24,WAS,30,3,287,30,75,0.4,7,30,0.233,23,45,0.511,0.447,23,27,0.852,4,30,34,15,8,2,5,17,90
347,288,C.J. McCollum,SG,25,POR,80,80,2796,692,1441,0.48,185,440,0.42,507,1001,0.506,0.544,268,294,0.912,60,231,291,285,72,42,172,202,1837
348,289,T.J. McConnell,PG,24,PHI,81,51,2133,236,512,0.461,11,55,0.2,225,457,0.49200000000000005,0.47200000000000003,73,90,0.8109999999999999,39,212,251,534,133,10,160,139,556
349,290,Chris McCullough,PF,21,TOT,16,0,80,16,32,0.5,1,7,0.14300000000000002,15,25,0.6,0.516,3,5,0.6,9,10,19,2,2,2,3,7,36
350,290,Chris McCullough,PF,21,BRK,14,0,72,16,31,0.516,1,6,0.16699999999999998,15,25,0.6,0.532,2,3,0.667,9,8,17,2,1,2,2,7,35
351,290,Chris McCullough,PF,21,WAS,2,0,8,0,1,0.0,0,1,0.0,0,0,,0.0,1,2,0.5,0,2,2,0,1,0,1,0,1
352,291,K.J. McDaniels,SF,23,TOT,49,0,505,77,169,0.456,20,66,0.303,57,103,0.5529999999999999,0.515,32,38,0.8420000000000001,15,67,82,13,19,18,29,49,206
353,291,K.J. McDaniels,SF,23,HOU,29,0,212,31,68,0.456,9,27,0.33299999999999996,22,41,0.537,0.522,9,10,0.9,6,24,30,4,7,8,10,24,80
354,291,K.J. McDaniels,SF,23,BRK,20,0,293,46,101,0.455,11,39,0.282,35,62,0.565,0.51,23,28,0.821,9,43,52,9,12,10,19,25,126
355,292,Doug McDermott,SF,25,TOT,66,5,1508,222,497,0.447,77,207,0.37200000000000005,145,290,0.5,0.524,71,84,0.845,20,159,179,58,13,5,38,79,592
356,292,Doug McDermott,SF,25,CHI,44,4,1078,166,373,0.445,56,149,0.376,110,224,0.491,0.52,59,67,0.8809999999999999,14,116,130,45,11,4,32,57,447
357,292,Doug McDermott,SF,25,OKC,22,1,430,56,124,0.452,21,58,0.36200000000000004,35,66,0.53,0.536,12,17,0.706,6,43,49,13,2,1,6,22,145
358,293,JaVale McGee,C,29,GSW,77,10,739,208,319,0.652,0,4,0.0,208,315,0.66,0.652,56,111,0.505,100,144,244,17,19,67,40,109,472
359,294,Rodney McGruder,SG,25,MIA,78,65,1966,190,460,0.413,73,220,0.332,117,240,0.488,0.49200000000000005,44,71,0.62,95,162,257,124,45,18,56,140,497
360,295,Ben McLemore,SG,23,SAC,61,26,1176,180,419,0.43,65,170,0.382,115,249,0.462,0.507,70,93,0.753,19,111,130,51,29,6,62,108,495
361,296,Jordan McRae,SG,25,CLE,37,4,384,58,150,0.387,18,51,0.353,40,99,0.40399999999999997,0.447,27,34,0.794,6,34,40,19,8,6,14,31,161
362,297,Josh McRoberts,PF,29,MIA,22,14,381,44,118,0.373,13,31,0.419,31,87,0.35600000000000004,0.428,6,9,0.667,23,51,74,50,10,4,23,31,107
363,298,Jodie Meeks,SG,29,ORL,36,10,738,103,256,0.402,56,137,0.409,47,119,0.395,0.512,65,74,0.878,5,72,77,45,34,4,36,41,327
364,299,Salah Mejri,C,30,DAL,73,11,905,88,137,0.642,1,3,0.33299999999999996,87,134,0.649,0.6459999999999999,36,61,0.59,97,211,308,14,32,61,40,152,213
365,300,Jordan Mickey,PF,22,BOS,25,1,141,15,34,0.441,0,1,0.0,15,33,0.455,0.441,8,14,0.5710000000000001,13,21,34,7,3,6,9,12,38
366,301,Khris Middleton,SG,25,MIL,29,23,889,150,333,0.45,45,104,0.433,105,229,0.45899999999999996,0.518,81,92,0.88,11,112,123,99,41,7,65,79,426
367,302,C.J. Miles,SF,29,IND,76,29,1776,281,647,0.434,169,409,0.413,112,238,0.47100000000000003,0.565,84,93,0.903,30,199,229,48,46,25,40,151,815
368,303,Mike Miller,SF,36,DEN,20,0,151,9,23,0.391,8,20,0.4,1,3,0.33299999999999996,0.565,2,2,1.0,3,36,39,22,2,0,13,9,28
369,304,Patty Mills,PG,28,SAS,80,8,1754,273,622,0.439,147,356,0.413,126,266,0.474,0.557,66,80,0.825,24,118,142,280,65,3,101,109,759
370,305,Elijah Millsap,SG,29,PHO,2,0,23,1,7,0.14300000000000002,0,2,0.0,1,5,0.2,0.14300000000000002,1,2,0.5,3,3,6,1,0,0,2,2,3
371,306,Paul Millsap,PF,31,ATL,69,67,2343,430,972,0.442,75,241,0.311,355,731,0.486,0.48100000000000004,311,405,0.768,111,423,534,252,90,62,158,186,1246
372,307,Nikola Mirotic,PF,25,CHI,70,15,1679,258,625,0.413,129,377,0.342,129,248,0.52,0.516,99,128,0.773,61,323,384,75,53,56,79,128,744
373,308,Greg Monroe,C,26,MIL,81,0,1823,387,727,0.532,0,4,0.0,387,723,0.535,0.532,177,239,0.741,166,365,531,187,92,38,140,168,951
374,309,E'Twaun Moore,SG,27,NOP,73,22,1820,283,619,0.457,77,208,0.37,206,411,0.501,0.519,57,74,0.77,34,119,153,164,50,32,62,131,700
375,310,Marcus Morris,SF,27,DET,79,79,2565,421,1007,0.418,118,357,0.331,303,650,0.466,0.47700000000000004,145,185,0.784,77,289,366,160,52,25,87,168,1105
376,311,Markieff Morris,PF,27,WAS,76,76,2374,406,889,0.457,71,196,0.36200000000000004,335,693,0.483,0.49700000000000005,180,215,0.8370000000000001,107,386,493,126,82,41,129,254,1063
377,312,Anthony Morrow,SG,31,TOT,49,7,714,98,251,0.39,41,133,0.308,57,118,0.483,0.47200000000000003,34,37,0.919,12,19,31,25,24,2,7,44,271
378,312,Anthony Morrow,SG,31,OKC,40,7,627,86,222,0.387,35,119,0.294,51,103,0.495,0.466,23,26,0.885,11,18,29,19,22,2,7,40,230
379,312,Anthony Morrow,SG,31,CHI,9,0,87,12,29,0.414,6,14,0.429,6,15,0.4,0.517,11,11,1.0,1,1,2,6,2,0,0,4,41
380,313,Donatas Motiejunas,PF,26,NOP,34,0,479,57,138,0.413,11,47,0.23399999999999999,46,91,0.505,0.45299999999999996,25,49,0.51,26,75,101,34,18,11,31,55,150
381,314,Timofey Mozgov,C,30,LAL,54,52,1104,169,328,0.515,0,1,0.0,169,327,0.517,0.515,63,78,0.8079999999999999,105,161,266,43,16,31,72,133,401
382,315,Emmanuel Mudiay,PG,20,DEN,55,41,1406,208,551,0.377,56,177,0.316,152,374,0.406,0.428,131,167,0.784,30,150,180,217,41,13,123,95,603
383,316,Shabazz Muhammad,SF,24,MIN,78,1,1516,288,598,0.48200000000000004,49,146,0.336,239,452,0.529,0.523,147,190,0.774,84,136,220,35,22,6,56,86,772
384,317,Dejounte Murray,PG,20,SAS,38,8,322,50,116,0.431,9,23,0.391,41,93,0.441,0.47,21,30,0.7,6,36,42,48,8,6,38,29,130
385,318,Jamal Murray,SG,19,DEN,82,10,1764,295,729,0.405,115,344,0.33399999999999996,180,385,0.46799999999999997,0.484,106,120,0.883,41,173,214,170,54,24,113,124,811
386,319,Mike Muscala,C,25,ATL,70,3,1237,170,337,0.504,46,110,0.418,124,227,0.546,0.573,49,64,0.7659999999999999,76,163,239,95,29,41,56,97,435
387,320,Larry Nance Jr.,PF,24,LAL,63,7,1442,190,361,0.526,10,36,0.278,180,325,0.5539999999999999,0.54,59,80,0.738,120,249,369,96,82,40,56,149,449
388,321,Shabazz Napier,PG,25,POR,53,2,512,73,183,0.39899999999999997,34,92,0.37,39,91,0.429,0.49200000000000005,38,49,0.7759999999999999,8,53,61,67,32,2,41,38,218
389,322,Maurice Ndour,PF,24,NYK,32,4,331,39,85,0.45899999999999996,1,7,0.14300000000000002,38,78,0.48700000000000004,0.465,19,26,0.731,22,42,64,8,15,7,13,30,98
390,323,Gary Neal,SG,32,ATL,2,0,18,0,7,0.0,0,2,0.0,0,5,0.0,0.0,4,4,1.0,0,1,1,1,0,0,0,1,4
391,324,Jameer Nelson,PG,34,DEN,75,39,2045,268,604,0.444,106,273,0.38799999999999996,162,331,0.489,0.531,45,63,0.7140000000000001,28,164,192,385,53,8,128,197,687
392,325,Raul Neto,PG,24,UTA,40,0,346,41,91,0.451,10,31,0.32299999999999995,31,60,0.517,0.505,8,9,0.889,4,26,30,34,21,5,15,48,100
393,326,Georges Niang,PF,23,IND,23,0,93,9,36,0.25,1,12,0.083,8,24,0.33299999999999996,0.264,2,2,1.0,2,15,17,5,3,0,5,6,21
394,327,Andrew Nicholson,PF,27,TOT,38,0,342,43,111,0.387,5,27,0.185,38,84,0.452,0.41,9,14,0.643,15,46,61,10,16,6,17,55,100
395,327,Andrew Nicholson,PF,27,WAS,28,0,231,30,77,0.39,3,16,0.188,27,61,0.44299999999999995,0.409,7,12,0.583,11,23,34,7,11,6,11,37,70
396,327,Andrew Nicholson,PF,27,BRK,10,0,111,13,34,0.382,2,11,0.182,11,23,0.478,0.41200000000000003,2,2,1.0,4,23,27,3,5,0,6,18,30
397,328,Joakim Noah,C,31,NYK,46,46,1015,99,200,0.495,0,1,0.0,99,199,0.49700000000000005,0.495,34,78,0.436,160,241,401,103,30,37,58,127,232
398,329,Nerlens Noel,C,22,TOT,51,19,1047,184,309,0.595,0,1,0.0,184,308,0.597,0.595,77,111,0.6940000000000001,93,201,294,50,65,51,51,126,445
399,329,Nerlens Noel,C,22,PHI,29,7,564,107,175,0.611,0,1,0.0,107,174,0.615,0.611,43,63,0.6829999999999999,46,98,144,30,43,26,29,71,257
400,329,Nerlens Noel,C,22,DAL,22,12,483,77,134,0.575,0,0,,77,134,0.575,0.575,34,48,0.708,47,103,150,20,22,25,22,55,188
401,330,Lucas Nogueira,C,24,TOR,57,6,1088,103,156,0.66,3,12,0.25,100,144,0.6940000000000001,0.67,44,67,0.657,82,161,243,42,52,90,46,137,253
402,331,Steve Novak,PF,33,MIL,8,0,22,2,7,0.28600000000000003,1,6,0.16699999999999998,1,1,1.0,0.35700000000000004,0,0,,0,3,3,0,0,0,0,1,5
403,332,Dirk Nowitzki,PF,38,DAL,54,54,1424,296,678,0.43700000000000006,79,209,0.37799999999999995,217,469,0.46299999999999997,0.495,98,112,0.875,23,330,353,82,30,38,51,113,769
404,333,Jusuf Nurkic,C,22,TOT,65,48,1391,271,534,0.507,0,1,0.0,271,533,0.508,0.507,120,210,0.5710000000000001,155,312,467,121,50,73,144,161,662
405,333,Jusuf Nurkic,C,22,DEN,45,29,807,151,298,0.507,0,0,,151,298,0.507,0.507,56,113,0.496,90,170,260,58,25,35,82,88,358
406,333,Jusuf Nurkic,C,22,POR,20,19,584,120,236,0.508,0,1,0.0,120,235,0.511,0.508,64,97,0.66,65,142,207,63,25,38,62,73,304
407,334,David Nwaba,SG,24,LAL,20,2,397,47,81,0.58,1,5,0.2,46,76,0.605,0.586,25,39,0.6409999999999999,16,46,62,14,13,7,11,36,120
408,335,Johnny O'Bryant,PF,23,TOT,11,0,80,15,30,0.5,3,6,0.5,12,24,0.5,0.55,5,6,0.833,9,10,19,6,0,1,6,10,38
409,335,Johnny O'Bryant,PF,23,DEN,7,0,46,7,15,0.467,2,3,0.667,5,12,0.41700000000000004,0.5329999999999999,4,4,1.0,5,6,11,2,0,1,3,4,20
410,335,Johnny O'Bryant,PF,23,CHO,4,0,34,8,15,0.5329999999999999,1,3,0.33299999999999996,7,12,0.583,0.5670000000000001,1,2,0.5,4,4,8,4,0,0,3,6,18
411,336,Kyle O'Quinn,PF,26,NYK,79,8,1229,215,413,0.521,2,17,0.11800000000000001,213,396,0.5379999999999999,0.523,64,83,0.7709999999999999,157,282,439,117,36,104,76,174,496
412,337,Daniel Ochefu,C,23,WAS,19,0,75,12,27,0.444,0,0,,12,27,0.444,0.444,0,2,0.0,5,17,22,3,2,0,3,17,24
413,338,Jahlil Okafor,C,21,PHI,50,33,1134,242,471,0.514,0,0,,242,471,0.514,0.514,106,158,0.6709999999999999,81,159,240,58,20,49,90,122,590
414,339,Victor Oladipo,SG,24,OKC,67,67,2222,412,932,0.442,127,352,0.361,285,580,0.491,0.51,116,154,0.753,39,252,291,176,79,21,119,155,1067
415,340,Kelly Olynyk,C,25,BOS,75,6,1538,260,508,0.512,68,192,0.354,192,316,0.608,0.579,90,123,0.732,72,288,360,148,43,29,96,207,678
416,341,Arinze Onuaku,C,29,ORL,8,0,28,2,4,0.5,0,0,,2,4,0.5,0.5,0,0,,2,4,6,2,0,1,2,3,4
417,342,Chinanu Onuaku,C,20,HOU,5,1,52,5,7,0.7140000000000001,0,0,,5,7,0.7140000000000001,0.7140000000000001,4,4,1.0,2,8,10,3,3,1,4,6,14
418,343,Kelly Oubre,SF,21,WAS,79,5,1605,186,442,0.42100000000000004,54,188,0.287,132,254,0.52,0.48200000000000004,75,99,0.758,61,199,260,47,58,17,49,195,501
419,344,Zaza Pachulia,C,32,GSW,70,70,1268,164,307,0.534,0,2,0.0,164,305,0.5379999999999999,0.534,98,126,0.778,140,270,410,132,59,33,88,166,426
420,345,Georgios Papagiannis,C,19,SAC,22,0,355,56,102,0.5489999999999999,0,2,0.0,56,100,0.56,0.5489999999999999,12,14,0.857,24,62,86,20,3,17,24,44,124
421,346,Jabari Parker,PF,21,MIL,51,50,1728,399,814,0.49,65,178,0.365,334,636,0.525,0.53,162,218,0.743,79,234,313,142,51,22,92,111,1025
422,347,Tony Parker,PG,34,SAS,63,63,1587,265,569,0.466,23,69,0.33299999999999996,242,500,0.484,0.486,85,117,0.726,9,104,113,285,33,2,89,92,638
423,348,Chandler Parsons,SF,28,MEM,34,34,675,75,222,0.33799999999999997,25,93,0.26899999999999996,50,129,0.38799999999999996,0.39399999999999996,35,43,0.8140000000000001,6,78,84,55,20,5,24,52,210
424,349,Lamar Patterson,SG,25,ATL,5,0,40,3,15,0.2,1,6,0.16699999999999998,2,9,0.222,0.233,2,3,0.667,1,6,7,6,1,0,4,6,9
425,350,Patrick Patterson,PF,27,TOR,65,8,1599,154,384,0.401,94,253,0.37200000000000005,60,131,0.45799999999999996,0.523,43,60,0.7170000000000001,62,229,291,76,40,23,38,120,445
426,351,Chris Paul,PG,31,LAC,61,61,1921,374,785,0.47600000000000003,124,302,0.41100000000000003,250,483,0.518,0.555,232,260,0.892,41,263,304,563,117,8,147,146,1104
427,352,Adreian Payne,PF,25,MIN,18,0,135,23,54,0.426,3,15,0.2,20,39,0.513,0.45399999999999996,14,19,0.737,9,24,33,7,8,7,8,32,63
428,353,Cameron Payne,PG,22,TOT,31,0,462,64,193,0.332,27,86,0.314,37,107,0.34600000000000003,0.402,5,8,0.625,3,45,48,55,14,5,29,52,160
429,353,Cameron Payne,PG,22,OKC,20,0,320,43,130,0.331,16,52,0.308,27,78,0.34600000000000003,0.392,4,4,1.0,2,29,31,40,10,5,16,38,106
430,353,Cameron Payne,PG,22,CHI,11,0,142,21,63,0.33299999999999996,11,34,0.324,10,29,0.345,0.42100000000000004,1,4,0.25,1,16,17,15,4,0,13,14,54
431,354,Elfrid Payton,PG,22,ORL,82,58,2412,430,912,0.47100000000000003,40,146,0.27399999999999997,390,766,0.509,0.493,146,211,0.6920000000000001,89,298,387,529,88,40,178,177,1046
432,355,Gary Payton,PG,24,MIL,6,0,99,8,22,0.364,1,9,0.111,7,13,0.5379999999999999,0.386,3,5,0.6,0,12,12,13,3,4,10,9,20
433,356,Paul Pierce,SF,39,LAC,25,7,277,28,70,0.4,15,43,0.349,13,27,0.48100000000000004,0.507,10,13,0.769,1,47,48,10,4,5,16,40,81
434,357,Marshall Plumlee,C,24,NYK,21,1,170,16,29,0.552,0,0,,16,29,0.552,0.552,8,19,0.42100000000000004,23,28,51,10,4,4,12,23,40
435,358,Mason Plumlee,C,26,TOT,81,64,2148,334,623,0.536,0,6,0.0,334,617,0.541,0.536,174,300,0.58,170,436,606,284,69,92,135,226,842
436,358,Mason Plumlee,C,26,POR,54,54,1516,235,442,0.532,0,5,0.0,235,437,0.5379999999999999,0.532,127,224,0.5670000000000001,120,313,433,214,50,63,89,149,597
437,358,Mason Plumlee,C,26,DEN,27,10,632,99,181,0.547,0,1,0.0,99,180,0.55,0.547,47,76,0.618,50,123,173,70,19,29,46,77,245
438,359,Miles Plumlee,C,28,TOT,45,12,484,44,92,0.478,0,0,,44,92,0.478,0.478,25,39,0.6409999999999999,38,57,95,21,18,13,30,73,113
439,359,Miles Plumlee,C,28,MIL,32,12,310,30,68,0.441,0,0,,30,68,0.441,0.441,22,35,0.629,23,30,53,18,11,9,22,48,82
440,359,Miles Plumlee,C,28,CHO,13,0,174,14,24,0.583,0,0,,14,24,0.583,0.583,3,4,0.75,15,27,42,3,7,4,8,25,31
441,360,Jakob Poeltl,C,21,TOR,54,4,626,67,115,0.583,0,0,,67,115,0.583,0.583,31,57,0.544,78,87,165,12,18,20,29,113,165
442,361,Otto Porter,SF,23,WAS,80,80,2605,414,803,0.516,148,341,0.434,266,462,0.5760000000000001,0.608,99,119,0.8320000000000001,117,396,513,121,116,40,43,193,1075
443,362,Bobby Portis,PF,21,CHI,64,13,1000,183,375,0.488,32,96,0.33299999999999996,151,279,0.541,0.531,39,59,0.6609999999999999,75,220,295,35,16,11,37,94,437
444,363,Kristaps Porzingis,PF,21,NYK,66,65,2164,443,985,0.45,112,314,0.35700000000000004,331,671,0.493,0.507,198,252,0.7859999999999999,111,363,474,97,47,130,118,244,1196
445,364,Dwight Powell,C,25,DAL,77,3,1333,194,377,0.515,21,74,0.284,173,303,0.5710000000000001,0.542,107,141,0.759,94,213,307,49,61,39,34,135,516
446,365,Norman Powell,SG,23,TOR,76,18,1368,227,506,0.449,56,173,0.324,171,333,0.514,0.504,126,159,0.792,26,142,168,82,51,14,70,127,636
447,366,Alex Poythress,SF,23,PHI,6,1,157,25,54,0.46299999999999997,6,19,0.316,19,35,0.5429999999999999,0.519,8,10,0.8,11,18,29,5,3,1,3,14,64
448,367,Ronnie Price,PG,33,PHO,14,0,134,4,24,0.16699999999999998,3,17,0.17600000000000002,1,7,0.14300000000000002,0.22899999999999998,3,4,0.75,3,8,11,18,11,1,3,14,14
449,368,Tim Quarterman,SG,22,POR,16,0,80,13,29,0.44799999999999995,5,13,0.385,8,16,0.5,0.534,0,3,0.0,4,10,14,11,2,3,11,6,31
450,369,Chasson Randle,PG,23,TOT,26,0,299,40,98,0.408,16,47,0.34,24,51,0.47100000000000003,0.49,41,43,0.953,7,26,33,34,9,2,19,39,137
451,369,Chasson Randle,PG,23,PHI,8,0,74,12,26,0.462,6,15,0.4,6,11,0.545,0.5770000000000001,12,12,1.0,0,5,5,6,3,1,3,11,42
452,369,Chasson Randle,PG,23,NYK,18,0,225,28,72,0.389,10,32,0.313,18,40,0.45,0.45799999999999996,29,31,0.935,7,21,28,28,6,1,16,28,95
453,370,Julius Randle,PF,22,LAL,74,73,2132,377,774,0.48700000000000004,17,63,0.27,360,711,0.506,0.498,204,282,0.723,151,485,636,264,49,37,173,248,975
454,371,Zach Randolph,PF,35,MEM,73,5,1786,433,964,0.449,21,94,0.223,412,870,0.474,0.46,141,193,0.731,182,416,598,122,38,10,99,136,1028
455,372,J.J. Redick,SG,32,LAC,78,78,2198,396,890,0.445,201,468,0.429,195,422,0.462,0.5579999999999999,180,202,0.8909999999999999,11,160,171,110,55,13,98,125,1173
456,373,Willie Reed,C,26,MIA,71,5,1031,162,285,0.568,1,5,0.2,161,280,0.575,0.57,49,88,0.557,129,203,332,26,18,47,31,137,374
457,374,Josh Richardson,SG,23,MIA,53,34,1614,202,513,0.39399999999999996,75,227,0.33,127,286,0.444,0.467,60,77,0.779,35,133,168,140,60,39,65,132,539
458,375,Malachi Richardson,SG,21,SAC,22,0,198,28,68,0.41200000000000003,8,28,0.28600000000000003,20,40,0.5,0.47100000000000003,15,19,0.789,3,20,23,11,5,1,8,23,79
459,376,Austin Rivers,SG,24,LAC,74,29,2054,323,731,0.442,111,299,0.371,212,432,0.491,0.518,132,191,0.691,20,141,161,204,49,10,115,187,889
460,377,Andre Roberson,SF,25,OKC,79,79,2376,215,462,0.465,45,183,0.24600000000000002,170,279,0.609,0.514,47,111,0.423,98,304,402,79,94,79,51,204,522
461,378,Brian Roberts,PG,31,CHO,41,2,416,46,122,0.377,17,44,0.386,29,78,0.37200000000000005,0.447,33,39,0.846,5,34,39,52,9,1,26,18,142
462,379,Glenn Robinson,SF,23,IND,69,27,1426,158,339,0.466,49,125,0.392,109,214,0.509,0.5379999999999999,54,76,0.711,57,188,245,47,41,20,37,63,419
463,380,Thomas Robinson,PF,25,LAL,48,1,560,105,196,0.536,0,1,0.0,105,195,0.5379999999999999,0.536,31,66,0.47,84,139,223,31,26,9,46,76,241
464,381,Sergio Rodriguez,PG,30,PHI,68,30,1518,210,536,0.392,92,252,0.365,118,284,0.415,0.478,18,27,0.667,21,136,157,344,48,4,128,95,530
465,382,Rajon Rondo,PG,30,CHI,69,42,1843,229,561,0.408,50,133,0.376,179,428,0.418,0.45299999999999996,30,50,0.6,73,282,355,461,99,11,168,144,538
466,383,Derrick Rose,PG,28,NYK,64,64,2082,460,977,0.47100000000000003,13,60,0.217,447,917,0.48700000000000004,0.47700000000000004,221,253,0.8740000000000001,66,180,246,283,44,17,147,84,1154
467,384,Terrence Ross,SF,25,TOT,78,24,1955,326,746,0.43700000000000006,142,391,0.363,184,355,0.518,0.532,64,77,0.831,18,189,207,88,87,33,68,143,858
468,384,Terrence Ross,SF,25,TOR,54,0,1207,211,479,0.441,96,256,0.375,115,223,0.516,0.541,41,50,0.82,14,125,139,45,53,20,33,82,559
469,384,Terrence Ross,SF,25,ORL,24,24,748,115,267,0.431,46,135,0.341,69,132,0.523,0.517,23,27,0.852,4,64,68,43,34,13,35,61,299
470,385,Terry Rozier,PG,22,BOS,74,0,1263,151,411,0.36700000000000005,57,179,0.318,94,232,0.405,0.43700000000000006,51,66,0.773,40,187,227,131,45,11,47,69,410
471,386,Ricky Rubio,PG,26,MIN,75,75,2469,261,650,0.402,60,196,0.306,201,454,0.44299999999999995,0.44799999999999995,254,285,0.8909999999999999,68,237,305,682,128,10,195,202,836
472,387,Damjan Rudez,SF,30,ORL,45,0,314,31,88,0.35200000000000004,20,64,0.313,11,24,0.45799999999999996,0.466,0,0,,5,20,25,20,12,1,9,31,82
473,388,Brandon Rush,SG,31,MIN,47,33,1030,70,187,0.374,44,114,0.386,26,73,0.35600000000000004,0.49200000000000005,13,18,0.722,16,83,99,45,22,23,28,42,197
474,389,D'Angelo Russell,PG,20,LAL,63,60,1811,351,867,0.405,135,384,0.35200000000000004,216,483,0.447,0.483,147,188,0.782,31,191,222,303,87,16,176,130,984
475,390,Domantas Sabonis,PF,20,OKC,81,66,1632,192,481,0.39899999999999997,51,159,0.321,141,322,0.43799999999999994,0.452,44,67,0.657,45,243,288,82,39,32,83,200,479
476,391,Larry Sanders,C,28,CLE,5,0,13,1,4,0.25,0,0,,1,4,0.25,0.25,2,2,1.0,3,1,4,0,1,1,2,5,4
477,392,Dario Saric,PF,22,PHI,81,36,2129,381,927,0.41100000000000003,106,341,0.311,275,586,0.469,0.46799999999999997,172,220,0.782,112,402,514,182,57,30,183,162,1040
478,393,Tomas Satoransky,SG,25,WAS,57,3,719,61,146,0.418,9,37,0.243,52,109,0.47700000000000004,0.449,23,33,0.6970000000000001,25,58,83,92,26,6,38,60,154
479,394,Dennis Schroder,PG,23,ATL,79,78,2485,548,1215,0.451,100,294,0.34,448,921,0.486,0.49200000000000005,218,255,0.855,42,206,248,499,75,16,258,149,1414
480,395,Luis Scola,PF,36,BRK,36,1,461,71,151,0.47,17,50,0.34,54,101,0.535,0.526,25,37,0.6759999999999999,51,88,139,37,14,4,34,63,184
481,396,Mike Scott,PF,28,ATL,18,0,195,17,58,0.293,4,27,0.14800000000000002,13,31,0.419,0.32799999999999996,7,8,0.875,10,27,37,17,4,3,8,12,45
482,397,Thabo Sefolosha,SF,32,ATL,62,42,1596,174,395,0.441,41,120,0.342,133,275,0.484,0.49200000000000005,55,75,0.733,54,216,270,107,96,31,58,97,444
483,398,Wayne Selden,SG,22,TOT,14,5,236,25,58,0.431,7,28,0.25,18,30,0.6,0.491,14,22,0.636,1,15,16,13,6,1,12,18,71
484,398,Wayne Selden,SG,22,NOP,3,3,47,5,8,0.625,4,7,0.5710000000000001,1,1,1.0,0.875,2,4,0.5,0,5,5,1,2,0,3,6,16
485,398,Wayne Selden,SG,22,MEM,11,2,189,20,50,0.4,3,21,0.14300000000000002,17,29,0.586,0.43,12,18,0.667,1,10,11,12,4,1,9,12,55
486,399,Kevin Seraphin,PF,27,IND,49,3,559,109,198,0.551,0,2,0.0,109,196,0.556,0.551,14,22,0.636,41,101,142,23,7,20,29,66,232
487,400,Ramon Sessions,PG,30,CHO,50,1,811,100,263,0.38,21,62,0.33899999999999997,79,201,0.39299999999999996,0.42,91,118,0.7709999999999999,12,62,74,129,26,3,46,43,312
488,401,Iman Shumpert,SG,26,CLE,76,31,1937,201,489,0.41100000000000003,94,261,0.36,107,228,0.469,0.507,71,90,0.789,39,180,219,109,62,27,78,150,567
489,402,Pascal Siakam,PF,22,TOR,55,38,859,103,205,0.502,1,7,0.14300000000000002,102,198,0.515,0.505,22,32,0.688,64,122,186,17,26,45,33,109,229
490,403,Jonathon Simmons,SG,27,SAS,78,8,1392,177,421,0.42,30,102,0.294,147,319,0.461,0.456,99,132,0.75,20,140,160,126,47,25,76,146,483
491,404,Kyle Singler,SF,28,OKC,32,2,385,34,83,0.41,7,37,0.18899999999999997,27,46,0.5870000000000001,0.452,13,17,0.765,8,40,48,9,7,5,11,29,88
492,405,Marcus Smart,PG,22,BOS,79,24,2399,269,749,0.359,94,331,0.284,175,418,0.419,0.42200000000000004,203,250,0.812,78,228,306,364,125,33,159,192,835
493,406,Ish Smith,PG,28,DET,81,32,1955,329,749,0.439,28,105,0.267,301,644,0.467,0.45799999999999996,72,102,0.706,21,214,235,418,61,33,112,127,758
494,407,J.R. Smith,SG,31,CLE,41,35,1187,123,356,0.34600000000000003,95,271,0.35100000000000003,28,85,0.32899999999999996,0.479,10,15,0.667,17,96,113,62,40,11,26,77,351
495,408,Jason Smith,C,30,WAS,74,3,1068,174,329,0.529,37,78,0.474,137,251,0.546,0.585,35,51,0.6859999999999999,64,194,258,37,21,55,58,168,420
496,409,Tony Snell,SG,25,MIL,80,80,2336,246,541,0.455,144,355,0.406,102,186,0.5479999999999999,0.588,47,58,0.81,22,226,248,96,54,14,55,125,683
497,410,Marreese Speights,C,29,LAC,82,2,1286,244,548,0.445,103,277,0.37200000000000005,141,271,0.52,0.539,120,137,0.8759999999999999,88,285,373,66,23,41,69,229,711
498,411,Tiago Splitter,C,32,PHI,8,0,76,14,31,0.452,2,6,0.33299999999999996,12,25,0.48,0.484,9,11,0.818,8,14,22,4,1,1,6,8,39
499,412,Nik Stauskas,SG,23,PHI,80,27,2188,251,634,0.396,132,359,0.368,119,275,0.433,0.5,122,150,0.813,21,205,226,188,46,32,128,144,756
500,413,Lance Stephenson,SG,26,TOT,18,0,361,54,120,0.45,6,20,0.3,48,100,0.48,0.475,8,13,0.615,4,48,52,59,5,3,26,32,122
501,413,Lance Stephenson,SG,26,NOP,6,0,162,26,55,0.473,1,10,0.1,25,45,0.556,0.48200000000000004,5,8,0.625,3,15,18,29,2,1,11,18,58
502,413,Lance Stephenson,SG,26,MIN,6,0,67,10,21,0.47600000000000003,0,2,0.0,10,19,0.526,0.47600000000000003,1,2,0.5,0,10,10,5,0,0,4,2,21
503,413,Lance Stephenson,SG,26,IND,6,0,132,18,44,0.409,5,8,0.625,13,36,0.361,0.466,2,3,0.667,1,23,24,25,3,2,11,12,43
504,414,Jarnell Stokes,PF,23,DEN,2,0,7,1,1,1.0,0,0,,1,1,1.0,1.0,1,2,0.5,1,1,2,2,1,0,0,3,3
505,415,Diamond Stone,C,19,LAC,7,0,24,3,13,0.231,0,0,,3,13,0.231,0.231,4,4,1.0,1,5,6,0,0,1,2,5,10
506,416,Rodney Stuckey,PG,30,IND,39,0,696,91,244,0.373,19,60,0.317,72,184,0.391,0.41200000000000003,80,107,0.748,6,78,84,84,16,0,53,44,281
507,417,Jared Sullinger,PF,24,TOR,11,1,118,15,48,0.313,3,18,0.16699999999999998,12,30,0.4,0.344,4,8,0.5,10,17,27,3,4,1,4,17,37
508,418,Edy Tavares,C,24,TOT,2,0,28,4,5,0.8,0,0,,4,5,0.8,0.8,0,3,0.0,4,7,11,1,0,6,2,3,8
509,418,Edy Tavares,C,24,ATL,1,0,4,1,1,1.0,0,0,,1,1,1.0,1.0,0,2,0.0,0,1,1,0,0,0,0,0,2
510,418,Edy Tavares,C,24,CLE,1,0,24,3,4,0.75,0,0,,3,4,0.75,0.75,0,1,0.0,4,6,10,1,0,6,2,3,6
511,419,Isaiah Taylor,PG,22,HOU,4,0,52,1,7,0.14300000000000002,0,2,0.0,1,5,0.2,0.14300000000000002,1,2,0.5,1,2,3,3,1,1,0,6,3
512,420,Jeff Teague,PG,28,IND,82,82,2657,402,908,0.44299999999999995,90,252,0.35700000000000004,312,656,0.47600000000000003,0.49200000000000005,360,415,0.867,33,298,331,639,100,32,216,165,1254
513,421,Mirza Teletovic,PF,31,MIL,70,2,1133,156,418,0.373,104,305,0.341,52,113,0.46,0.498,35,45,0.778,11,151,162,48,12,13,37,109,451
514,422,Garrett Temple,SG,30,SAC,65,21,1728,183,432,0.424,82,220,0.373,101,212,0.47600000000000003,0.519,58,74,0.784,32,151,183,169,84,28,78,141,506
515,423,Jason Terry,SG,39,MIL,74,0,1365,105,243,0.43200000000000005,73,171,0.42700000000000005,32,72,0.444,0.5820000000000001,24,29,0.828,15,91,106,98,45,20,36,95,307
516,424,Isaiah Thomas,PG,27,BOS,76,76,2569,682,1473,0.46299999999999997,245,646,0.379,437,827,0.528,0.546,590,649,0.909,43,162,205,448,69,12,210,167,2199
517,425,Lance Thomas,PF,28,NYK,46,15,968,97,244,0.39799999999999996,38,85,0.447,59,159,0.371,0.475,43,51,0.843,32,111,143,35,21,5,25,85,275
518,426,Hollis Thompson,SG,25,TOT,40,9,752,77,200,0.385,32,95,0.337,45,105,0.429,0.465,19,29,0.655,19,92,111,35,20,6,11,69,205
519,426,Hollis Thompson,SG,25,PHI,31,1,561,66,159,0.415,26,71,0.366,40,88,0.455,0.49700000000000005,13,20,0.65,15,68,83,26,14,6,9,55,171
520,426,Hollis Thompson,SG,25,NOP,9,8,191,11,41,0.268,6,24,0.25,5,17,0.294,0.341,6,9,0.667,4,24,28,9,6,0,2,14,34
521,427,Klay Thompson,SG,26,GSW,78,78,2649,644,1376,0.46799999999999997,268,647,0.414,376,729,0.516,0.565,186,218,0.853,49,236,285,160,66,40,128,139,1742
522,428,Tristan Thompson,C,25,CLE,78,78,2336,262,437,0.6,0,3,0.0,262,434,0.604,0.6,106,213,0.498,287,431,718,77,39,84,64,176,630
523,429,Marcus Thornton,SG,29,WAS,33,1,575,84,210,0.4,28,80,0.35,56,130,0.431,0.467,23,27,0.852,22,54,76,41,19,3,25,48,219
524,430,Mike Tobey,C,22,CHO,2,0,25,1,4,0.25,0,0,,1,4,0.25,0.25,0,0,,2,1,3,1,0,0,1,2,2
525,431,Anthony Tolliver,PF,31,SAC,65,9,1477,155,351,0.442,90,230,0.391,65,121,0.537,0.57,61,82,0.7440000000000001,51,188,239,77,33,20,56,109,461
526,432,Axel Toupane,SF,24,TOT,4,0,47,5,9,0.556,1,4,0.25,4,5,0.8,0.611,0,0,,0,1,1,0,1,1,0,6,11
527,432,Axel Toupane,SF,24,MIL,2,0,6,0,1,0.0,0,1,0.0,0,0,,0.0,0,0,,0,0,0,0,0,0,0,1,0
528,432,Axel Toupane,SF,24,NOP,2,0,41,5,8,0.625,1,3,0.33299999999999996,4,5,0.8,0.688,0,0,,0,1,1,0,1,1,0,5,11
529,433,Karl-Anthony Towns,C,21,MIN,82,82,3030,802,1479,0.542,101,275,0.36700000000000005,701,1204,0.5820000000000001,0.5760000000000001,356,428,0.8320000000000001,296,711,1007,220,57,103,212,241,2061
530,434,P.J. Tucker,SF,31,TOT,81,21,2236,199,482,0.413,70,196,0.35700000000000004,129,286,0.451,0.485,72,93,0.774,117,355,472,99,116,19,66,196,540
531,434,P.J. Tucker,SF,31,PHO,57,17,1627,147,354,0.415,46,136,0.33799999999999997,101,218,0.46299999999999997,0.48,61,77,0.792,94,249,343,73,85,14,52,143,401
532,434,P.J. Tucker,SF,31,TOR,24,4,609,52,128,0.406,24,60,0.4,28,68,0.41200000000000003,0.5,11,16,0.688,23,106,129,26,31,5,14,53,139
533,435,Evan Turner,SG,28,POR,65,12,1658,235,552,0.426,31,118,0.263,204,434,0.47,0.45399999999999996,85,103,0.825,36,211,247,205,53,24,100,121,586
534,436,Myles Turner,C,20,IND,81,81,2541,444,870,0.51,40,116,0.345,404,754,0.536,0.5329999999999999,245,303,0.809,138,448,586,106,74,173,105,262,1173
535,437,Beno Udrih,PG,34,DET,39,0,560,92,197,0.467,11,32,0.344,81,165,0.491,0.495,32,34,0.941,6,51,57,131,13,0,37,29,227
536,438,Tyler Ulis,PG,21,PHO,61,15,1123,184,437,0.42100000000000004,21,79,0.266,163,358,0.455,0.445,55,71,0.775,20,75,95,226,48,5,77,73,444
537,439,Jarrod Uthoff,PF,23,DAL,9,0,115,16,38,0.42100000000000004,3,9,0.33299999999999996,13,29,0.44799999999999995,0.461,5,7,0.7140000000000001,8,15,23,9,2,4,3,8,40
538,440,Jonas Valanciunas,C,24,TOR,80,80,2066,391,702,0.557,1,2,0.5,390,700,0.557,0.5579999999999999,176,217,0.8109999999999999,226,533,759,57,37,63,106,216,959
539,441,Denzel Valentine,SG,23,CHI,57,0,976,102,288,0.354,73,208,0.35100000000000003,29,80,0.363,0.48100000000000004,14,18,0.778,11,140,151,63,30,7,49,86,291
540,442,Fred VanVleet,PG,22,TOR,37,0,294,39,111,0.35100000000000003,11,29,0.379,28,82,0.341,0.401,18,22,0.818,4,38,42,35,17,2,15,36,107
541,443,Anderson Varejao,C,34,GSW,14,1,92,5,14,0.35700000000000004,0,0,,5,14,0.35700000000000004,0.35700000000000004,8,11,0.727,12,15,27,10,3,3,8,16,18
542,444,Greivis Vasquez,PG,30,BRK,3,0,39,2,8,0.25,1,3,0.33299999999999996,1,5,0.2,0.313,2,3,0.667,0,2,2,5,1,1,1,6,7
543,445,Rashad Vaughn,SG,20,MIL,41,2,458,57,156,0.365,26,81,0.321,31,75,0.413,0.449,2,5,0.4,4,45,49,23,19,10,14,32,142
544,446,Noah Vonleh,PF,21,POR,74,41,1265,130,270,0.48100000000000004,7,20,0.35,123,250,0.49200000000000005,0.494,60,94,0.638,131,256,387,31,30,27,64,154,327
545,447,Nikola Vucevic,C,26,ORL,75,55,2163,483,1031,0.46799999999999997,23,75,0.307,460,956,0.48100000000000004,0.48,107,160,0.669,176,603,779,208,77,74,117,180,1096
546,448,Sasha Vujacic,SG,32,NYK,42,4,408,42,136,0.309,23,74,0.311,19,62,0.306,0.39299999999999996,17,24,0.708,11,47,58,52,13,2,16,38,124
547,449,Dwyane Wade,SG,35,CHI,60,59,1792,414,955,0.434,45,145,0.31,369,810,0.456,0.457,223,281,0.794,64,207,271,229,86,41,138,112,1096
548,450,Dion Waiters,SG,25,MIA,46,43,1384,281,664,0.423,85,216,0.39399999999999996,196,448,0.43799999999999994,0.48700000000000004,82,127,0.6459999999999999,18,136,154,200,41,20,103,95,729
549,451,Kemba Walker,PG,26,CHO,79,79,2739,643,1450,0.44299999999999995,240,602,0.39899999999999997,403,848,0.475,0.526,304,359,0.847,45,263,308,435,85,21,169,119,1830
550,452,John Wall,PG,26,WAS,78,78,2836,647,1434,0.451,89,272,0.327,558,1162,0.48,0.48200000000000004,422,527,0.8009999999999999,58,269,327,831,157,50,323,151,1805
551,453,Taurean Waller-Prince,SF,22,ATL,59,10,981,114,286,0.39899999999999997,33,102,0.324,81,184,0.44,0.456,74,94,0.787,25,132,157,55,43,27,62,96,335
552,454,T.J. Warren,SF,23,PHO,66,59,2048,403,814,0.495,26,99,0.263,377,715,0.527,0.511,119,154,0.773,125,214,339,75,76,39,57,175,951
553,455,C.J. Watson,PG,32,ORL,62,9,1012,96,248,0.387,32,105,0.305,64,143,0.44799999999999995,0.452,57,66,0.8640000000000001,16,73,89,115,43,2,47,84,281
554,456,Briante Weber,PG,24,TOT,20,0,205,25,60,0.41700000000000004,1,10,0.1,24,50,0.48,0.425,11,16,0.688,8,18,26,21,12,1,8,16,62
555,456,Briante Weber,PG,24,GSW,7,0,46,5,14,0.35700000000000004,0,3,0.0,5,11,0.455,0.35700000000000004,2,3,0.667,0,4,4,5,3,1,3,4,12
556,456,Briante Weber,PG,24,CHO,13,0,159,20,46,0.435,1,7,0.14300000000000002,19,39,0.48700000000000004,0.446,9,13,0.6920000000000001,8,14,22,16,9,0,5,12,50
557,457,David West,PF,36,GSW,68,0,854,135,252,0.536,3,8,0.375,132,244,0.541,0.542,43,56,0.768,47,156,203,151,42,48,79,105,316
558,458,Russell Westbrook,PG,28,OKC,81,81,2802,824,1941,0.425,200,583,0.34299999999999997,624,1358,0.45899999999999996,0.47600000000000003,710,840,0.845,137,727,864,840,132,31,438,190,2558
559,459,Okaro White,PF,24,MIA,35,0,471,33,87,0.379,12,34,0.353,21,53,0.396,0.44799999999999995,20,22,0.909,25,57,82,21,10,10,18,52,98
560,460,Isaiah Whitehead,PG,21,BRK,73,26,1643,204,508,0.402,44,149,0.295,160,359,0.446,0.445,91,113,0.805,32,151,183,192,42,36,142,175,543
561,461,Hassan Whiteside,C,27,MIA,77,77,2513,542,973,0.557,0,0,,542,973,0.557,0.557,225,358,0.628,293,795,1088,57,55,161,154,226,1309
562,462,Andrew Wiggins,SF,21,MIN,82,82,3048,709,1571,0.451,103,289,0.35600000000000004,606,1282,0.473,0.484,412,542,0.76,103,226,329,189,82,30,187,183,1933
563,463,C.J. Wilcox,SG,26,ORL,22,0,108,8,31,0.258,3,15,0.2,5,16,0.313,0.306,2,2,1.0,4,8,12,12,2,1,6,8,21
564,464,Alan Williams,PF,24,PHO,47,0,708,138,267,0.517,0,1,0.0,138,266,0.519,0.517,70,112,0.625,94,198,292,23,27,32,37,125,346
565,465,Deron Williams,PG,32,TOT,64,44,1657,263,601,0.43799999999999994,85,234,0.363,178,367,0.485,0.508,90,109,0.826,14,133,147,360,31,8,138,138,701
566,465,Deron Williams,PG,32,DAL,40,40,1171,195,454,0.43,63,181,0.348,132,273,0.484,0.499,69,84,0.821,13,89,102,274,25,2,98,96,522
567,465,Deron Williams,PG,32,CLE,24,4,486,68,147,0.46299999999999997,22,53,0.415,46,94,0.489,0.537,21,25,0.84,1,44,45,86,6,6,40,42,179
568,466,Derrick Williams,PF,25,TOT,50,11,804,108,244,0.44299999999999995,30,97,0.309,78,147,0.531,0.504,58,89,0.652,19,111,130,28,14,7,28,60,304
569,466,Derrick Williams,PF,25,MIA,25,11,377,54,137,0.39399999999999996,9,45,0.2,45,92,0.489,0.42700000000000005,31,50,0.62,16,57,73,14,9,5,14,33,148
570,466,Derrick Williams,PF,25,CLE,25,0,427,54,107,0.505,21,52,0.40399999999999997,33,55,0.6,0.603,27,39,0.6920000000000001,3,54,57,14,5,2,14,27,156
571,467,Lou Williams,SG,30,TOT,81,1,1994,428,998,0.429,163,445,0.366,265,553,0.479,0.511,402,457,0.88,26,177,203,239,80,19,160,92,1421
572,467,Lou Williams,SG,30,LAL,58,1,1403,326,734,0.444,122,316,0.386,204,418,0.488,0.527,304,344,0.884,14,119,133,183,65,10,120,67,1078
573,467,Lou Williams,SG,30,HOU,23,0,591,102,264,0.386,41,129,0.318,61,135,0.452,0.46399999999999997,98,113,0.867,12,58,70,56,15,9,40,25,343
574,468,Marvin Williams,PF,30,CHO,76,76,2295,297,704,0.42200000000000004,124,354,0.35,173,350,0.494,0.51,131,150,0.873,89,408,497,106,58,53,60,134,849
575,469,Reggie Williams,SF,30,NOP,6,0,79,8,23,0.348,5,11,0.455,3,12,0.25,0.457,6,7,0.857,2,4,6,4,3,0,0,2,27
576,470,Troy Williams,SF,22,TOT,30,16,557,73,166,0.44,18,62,0.29,55,104,0.529,0.494,21,32,0.6559999999999999,15,54,69,25,27,10,33,60,185
577,470,Troy Williams,SF,22,MEM,24,13,418,51,122,0.418,10,41,0.244,41,81,0.506,0.45899999999999996,15,25,0.6,6,39,45,19,24,9,27,42,127
578,470,Troy Williams,SF,22,HOU,6,3,139,22,44,0.5,8,21,0.381,14,23,0.609,0.591,6,7,0.857,9,15,24,6,3,1,6,18,58
579,471,Kyle Wiltjer,PF,24,HOU,14,0,44,4,14,0.28600000000000003,4,13,0.308,0,1,0.0,0.429,1,2,0.5,4,6,10,2,3,1,5,4,13
580,472,Justise Winslow,SF,20,MIA,18,15,625,80,225,0.35600000000000004,7,35,0.2,73,190,0.384,0.371,29,47,0.617,23,71,94,66,27,6,33,52,196
581,473,Jeff Withey,C,26,UTA,51,1,432,55,103,0.534,0,1,0.0,55,102,0.539,0.534,36,48,0.75,52,69,121,7,16,32,14,52,146
582,474,Christian Wood,PF,21,CHO,13,0,107,12,23,0.522,0,5,0.0,12,18,0.667,0.522,11,15,0.733,14,15,29,2,3,6,7,11,35
583,475,Metta World Peace,SF,37,LAL,25,2,160,19,68,0.27899999999999997,9,38,0.237,10,30,0.33299999999999996,0.34600000000000003,10,16,0.625,5,15,20,11,9,2,7,18,57
584,476,Brandan Wright,PF,29,MEM,28,5,447,83,135,0.615,0,1,0.0,83,134,0.619,0.615,23,35,0.657,31,47,78,15,11,20,10,42,189
585,477,Delon Wright,PG,24,TOR,27,0,446,49,116,0.42200000000000004,10,30,0.33299999999999996,39,86,0.45299999999999996,0.466,42,55,0.764,16,32,48,57,27,11,25,31,150
586,478,James Young,SG,21,BOS,29,0,220,25,58,0.431,12,35,0.34299999999999997,13,23,0.565,0.534,6,9,0.667,6,20,26,4,10,2,4,15,68
587,479,Joe Young,PG,24,IND,33,0,135,26,72,0.361,5,23,0.217,21,49,0.429,0.396,11,15,0.733,1,16,17,15,4,0,5,5,68
588,480,Nick Young,SG,31,LAL,60,60,1556,272,633,0.43,170,421,0.40399999999999997,102,212,0.48100000000000004,0.564,77,90,0.856,25,112,137,58,37,14,36,137,791
589,481,Thaddeus Young,PF,28,IND,74,74,2237,362,687,0.527,45,118,0.381,317,569,0.557,0.56,45,86,0.523,132,318,450,122,114,30,96,135,814
590,482,Cody Zeller,PF,24,CHO,62,58,1725,253,443,0.5710000000000001,0,1,0.0,253,442,0.5720000000000001,0.5710000000000001,133,196,0.679,135,270,405,99,62,58,65,189,639
591,483,Tyler Zeller,C,27,BOS,51,5,525,78,158,0.494,0,1,0.0,78,157,0.49700000000000005,0.494,22,39,0.564,43,81,124,42,7,21,20,61,178
592,484,Stephen Zimmerman,C,20,ORL,19,0,108,10,31,0.32299999999999995,0,0,,10,31,0.32299999999999995,0.32299999999999995,3,5,0.6,11,24,35,4,2,5,3,17,23
593,485,Paul Zipser,SF,22,CHI,44,18,843,88,221,0.39799999999999996,33,99,0.33299999999999996,55,122,0.451,0.473,31,40,0.775,15,110,125,36,15,16,40,78,240
594,486,Ivica Zubac,C,19,LAL,38,11,609,126,238,0.529,0,3,0.0,126,235,0.536,0.529,32,49,0.653,41,118,159,30,14,33,30,66,284
